ID;Domaine;Mode;Portée du lien;Discordance du support;Réponse affichée;Réponse historique du support;Documentation Microsoft;Question source
T1-Q1;Gérer les identités et la gouvernance Azure;Exercice avec correction comparée aux sources;scenario;Non;Assign tags to the virtual machines.;Assign tags to the virtual machines;https://learn.microsoft.com/en-us/azure/azure-resource-manager/management/tag-resources;"Your company has serval departments. Each department has a number of virtual machines (VMs).

The company has an Azure subscription that contains a resource group named RG1.

All VMs are located in RG1.

You want to associate each VM with its respective department.

What should you do?"
T1-Q2;Gérer les identités et la gouvernance Azure;Fiche question/réponse du support;theme;Non;No;No;https://learn.microsoft.com/en-us/entra/identity/conditional-access/concept-conditional-access-grant;"Note: The question is included in a number of questions that depicts the identical set-up. However, every question has a distinctive result.

Establish if the solution satisfies the requirements.

Your company has an Azure Active Directory (Azure AD) subscription.

You want to implement an Azure AD conditional access policy.

The policy must be configured to require members of the Global Administrators group to use Multi-Factor Authentication and an Azure AD-joined

device when they connect to Azure AD from untrusted locations.

Solution: You access the multi-factor authentication page to alter the user settings.

Does the solution meet the goal?"
T1-Q3;Gérer les identités et la gouvernance Azure;Fiche question/réponse du support;theme;Non;NO;NO;https://learn.microsoft.com/en-us/entra/identity/conditional-access/concept-conditional-access-grant;"Note: The question is included in a number of questions that depicts the identical set-up. However, every question has a distinctive result.

Establish if the solution satisfies the requirements.

Your company has an Azure Active Directory (Azure AD) subscription.

You want to implement an Azure AD conditional access policy.

The policy must be configured to require members of the Global Administrators group to use Multi-Factor Authentication and an Azure AD-joined

device when they connect to Azure AD from untrusted locations.

Solution: You access the Azure portal to alter the session control of the Azure AD conditional access policy.

Does the solution meet the goal?"
T1-Q4;Gérer les identités et la gouvernance Azure;Fiche question/réponse du support;theme;Oui;Yes;Yes;https://learn.microsoft.com/en-us/entra/identity/conditional-access/concept-conditional-access-grant;"Note: The question is included in a number of questions that depicts the identical set-up. However, every question has a distinctive result.

Establish if the solution satisfies the requirements.

Your company has an Azure Active Directory (Azure AD) subscription.

You want to implement an Azure AD conditional access policy.

The policy must be configured to require members of the Global Administrators group to use Multi-Factor Authentication and an Azure AD-joined

device when they connect to Azure AD from untrusted locations.

Solution: You access the Azure portal to alter the grant control of the Azure AD conditional access policy.

Does the solution meet the goal?"
T1-Q5;Déployer et gérer les ressources de calcul Azure;Fiche question/réponse du support;theme;Non;The az vm create command;The az vm create command;https://learn.microsoft.com/en-us/azure/virtual-machines/availability-set-overview;"You are planning to deploy an Ubuntu Server virtual machine to your company's Azure subscription.

You are required to implement a custom deployment that includes adding a particular trusted root certification authority (CA).

Which of the following should you use to create the virtual machine?"
T1-Q6;Gérer les identités et la gouvernance Azure;Fiche question/réponse du support;theme;Non;No;No;https://learn.microsoft.com/en-us/entra/identity/conditional-access/concept-conditional-access-grant;"Note: The question is included in a number of questions that depicts the identical set-up. However, every question has a distinctive result.

Establish if the solution satisfies the requirements.

Your company makes use of Multi-Factor Authentication for when users are not in the office. The Per Authentication option has been configured

as the usage model.

After the acquisition of a smaller business and the addition of the new staff to Azure Active Directory (Azure AD) obtains a different company and

adding the new employees to Azure Active Directory (Azure AD), you are informed that these employees should also make use of Multi-Factor

Authentication.

To achieve this, the Per Enabled User setting must be set for the usage model.

Solution: You reconfigure the existing usage model via the Azure portal.

Does the solution meet the goal?"
T1-Q7;Gérer les identités et la gouvernance Azure;Fiche question/réponse du support;theme;Non;No;No;https://learn.microsoft.com/en-us/entra/identity/conditional-access/concept-conditional-access-grant;"Note: The question is included in a number of questions that depicts the identical set-up. However, every question has a distinctive result.

Establish if the solution satisfies the requirements.

Your company's Azure solution makes use of Multi-Factor Authentication for when users are not in the office. The Per Authentication option has

been configured as the usage model.

After the acquisition of a smaller business and the addition of the new staff to Azure Active Directory (Azure AD) obtains a different company and

adding the new employees to Azure Active Directory (Azure AD), you are informed that these employees should also make use of Multi-Factor

Authentication.

To achieve this, the Per Enabled User setting must be set for the usage model.

Solution: You reconfigure the existing usage model via the Azure CLI.

Does the solution meet the goal?"
T1-Q8;Gérer les identités et la gouvernance Azure;Exercice avec correction comparée aux sources;scenario;Non;Une stratégie d’accès conditionnel ciblant le groupe et exigeant MFA;Une stratégie d’accès conditionnel ciblant le groupe et exigeant MFA;https://learn.microsoft.com/en-us/entra/identity/conditional-access/policy-all-users-mfa-strength;Vous ajoutez à Microsoft Entra ID les collaborateurs d’une société acquise. Vous voulez imposer MFA à ce groupe lors des connexions aux applications cloud. Quel mécanisme configurez-vous ?
T1-Q9;Gérer les identités et la gouvernance Azure;Fiche question/réponse du support;theme;Oui;Yes;Yes;https://learn.microsoft.com/fr-fr/entra/identity/hybrid/connect/reference-connect-adsync;"Note: The question is included in a number of questions that depicts the identical set-up. However, every question has a distinctive result.

Establish if the solution satisfies the requirements.

Your company has an Azure Active Directory (Azure AD) tenant named weyland.com that is configured for hybrid coexistence with the on-

premises Active

Directory domain.

You have a server named DirSync1 that is configured as a DirSync server.

You create a new user account in the on-premise Active Directory. You now need to replicate the user information to Azure AD immediately.

Solution: You run the Start-ADSyncSyncCycle -PolicyType Initial PowerShell cmdlet.

Does the solution meet the goal?"
T1-Q10;Gérer les identités et la gouvernance Azure;Fiche question/réponse du support;theme;Non;No;No;https://learn.microsoft.com/en-us/entra/identity/role-based-access-control/permissions-reference;"Note: The question is included in a number of questions that depicts the identical set-up. However, every question has a distinctive result.

Establish if the solution satisfies the requirements.

Your company has an Azure Active Directory (Azure AD) tenant named weyland.com that is configured for hybrid coexistence with the on-

premises Active

Directory domain.

You have a server named DirSync1 that is configured as a DirSync server.

You create a new user account in the on-premise Active Directory. You now need to replicate the user information to Azure AD immediately.

Solution: You use Active Directory Sites and Services to force replication of the Global Catalog on a domain controller.

Does the solution meet the goal?"
T1-Q11;Gérer les identités et la gouvernance Azure;Fiche question/réponse du support;theme;Non;No;No;https://learn.microsoft.com/en-us/entra/identity/role-based-access-control/permissions-reference;"Note: The question is included in a number of questions that depicts the identical set-up. However, every question has a distinctive result.

Establish if the solution satisfies the requirements.

Your company has an Azure Active Directory (Azure AD) tenant named weyland.com that is configured for hybrid coexistence with the on-

premises Active

Directory domain.

You have a server named DirSync1 that is configured as a DirSync server.

You create a new user account in the on-premise Active Directory. You now need to replicate the user information to Azure AD immediately.

Solution: You restart the NetLogon service on a domain controller.

Does the solution meet the goal?"
T1-Q12;Implémenter et gérer le stockage;Exercice avec correction comparée aux sources;scenario;Non;Read-only geo-redundant storage;Read-only geo-redundant storage;https://learn.microsoft.com/en-us/azure/storage/common/storage-redundancy;"Your company has a Microsoft Azure subscription.

The company has datacenters in Los Angeles and New York.

You are configuring the two datacenters as geo-clustered sites for site resiliency.

You need to recommend an Azure storage redundancy option.

You have the following data storage requirements:

✑ Data must be stored on multiple nodes.
✑ Data must be stored on nodes in separate geographic locations.
✑ Data can be read from the secondary location as well as from the primary location.
Which of the following Azure stored redundancy options should you recommend?"
T1-Q13;Implémenter et gérer le stockage;Fiche question/réponse du support;theme;Non;No;No;https://learn.microsoft.com/en-us/azure/azure-resource-manager/templates/deployment-modes;"Note: The question is included in a number of questions that depicts the identical set-up. However, every question has a distinctive result.

Establish if the solution satisfies the requirements.

Your company has an azure subscription that includes a storage account, a resource group, a blob container and a file share.

A colleague named Jon Ross makes use of a solitary Azure Resource Manager (ARM) template to deploy a virtual machine and an additional

Azure Storage account.

You want to review the ARM template that was used by Jon Ross.

Solution: You access the Virtual Machine blade.

Does the solution meet the goal?"
T1-Q14;Implémenter et gérer le stockage;Fiche question/réponse du support;theme;Non;Yes;Yes;https://learn.microsoft.com/en-us/azure/azure-resource-manager/templates/deployment-modes;"Note: The question is included in a number of questions that depicts the identical set-up. However, every question has a distinctive result.

Establish if the solution satisfies the requirements.

Your company has an azure subscription that includes a storage account, a resource group, a blob container and a file share.

A colleague named Jon Ross makes use of a solitary Azure Resource Manager (ARM) template to deploy a virtual machine and an additional

Azure Storage account.

You want to review the ARM template that was used by Jon Ross.

Solution: You access the Resource Group blade.

Does the solution meet the goal?"
T1-Q15;Implémenter et gérer le stockage;Fiche question/réponse du support;theme;Non;No;No;https://learn.microsoft.com/en-us/azure/azure-resource-manager/templates/deployment-modes;"Note: The question is included in a number of questions that depicts the identical set-up. However, every question has a distinctive result.

Establish if the solution satisfies the requirements.

Your company has an azure subscription that includes a storage account, a resource group, a blob container and a file share.

A colleague named Jon Ross makes use of a solitary Azure Resource Manager (ARM) template to deploy a virtual machine and an additional

Azure Storage account.

You want to review the ARM template that was used by Jon Ross.

Solution: You access the Container blade.

Does the solution meet the goal?"
T1-Q16;Déployer et gérer les ressources de calcul Azure;Fiche question/réponse du support;theme;Non;You should stop all three VMs.;You should stop all three VMs.;https://learn.microsoft.com/en-us/azure/virtual-machines/availability-set-overview;"Your company has three virtual machines (VMs) that are included in an availability set.

You try to resize one of the VMs, which returns an allocation failure message.

It is imperative that the VM is resized.

Which of the following actions should you take?"
T1-Q17;Déployer et gérer les ressources de calcul Azure;Fiche question/réponse du support;theme;Non;Detach the data disk;Detach the data disk;https://learn.microsoft.com/en-us/azure/virtual-machines/availability-set-overview;"You have an Azure virtual machine (VM) that has a single data disk. You have been tasked with attaching this data disk to another Azure VM.

You need to make sure that your strategy allows for the virtual machines to be offline for the least amount of time possible.

Which of the following is the action you should take FIRST?"
T1-Q18;Déployer et gérer les ressources de calcul Azure;Fiche question/réponse du support;theme;Non;Max Value;Max Value;https://learn.microsoft.com/en-us/azure/virtual-machines/availability-set-overview;"Your company has an Azure subscription.

You need to deploy a number of Azure virtual machines (VMs) using Azure Resource Manager (ARM) templates. You have been informed that the

VMs will be included in a single availability set.

You are required to make sure that the ARM template you configure allows for as many VMs as possible to remain accessible in the event of fabric

failure or maintenance.

Which of the following is the value that you should configure for the platformFaultDomainCount property?"
T1-Q19;Déployer et gérer les ressources de calcul Azure;Fiche question/réponse du support;theme;Non;20;20;https://learn.microsoft.com/en-us/azure/virtual-machines/availability-set-overview;"Your company has an Azure subscription.

You need to deploy a number of Azure virtual machines (VMs) using Azure Resource Manager (ARM) templates. You have been informed that the

VMs will be included in a single availability set.

You are required to make sure that the ARM template you configure allows for as many VMs as possible to remain accessible in the event of fabric

failure or maintenance.

Which of the following is the value that you should configure for the platformUpdateDomainCount property?"
T1-Q20;Déployer et gérer les ressources de calcul Azure;Exercice avec correction comparée aux sources;scenario;Non;Composant pour conserver le mot de passe : Azure Key Vault · Autorisation sur le coffre pour la lecture du secret lors du déploiement : Autoriser le déploiement de modèles ARM et accorder Microsoft.KeyVault/vaults/deploy/action;Composant pour conserver le mot de passe : Azure Key Vault · Autorisation sur le coffre pour la lecture du secret lors du déploiement : Autoriser le déploiement de modèles ARM et accorder Microsoft.KeyVault/vaults/deploy/action;https://learn.microsoft.com/en-us/azure/azure-resource-manager/templates/template-tutorial-use-key-vault;Vous déployez des VM par modèle ARM et voulez transmettre le mot de passe administrateur sans le conserver en clair. Quel composant stocke le secret et quelle autorisation active sa lecture au déploiement ?
T1-Q21;Déployer et gérer les ressources de calcul Azure;Fiche question/réponse du support;theme;Oui;Configure a SetupComplete.cmd batch file in the %windir%\setup\scripts directory.;Configure a SetupComplete.cmd batch file in the %windir%\setup\scripts directory.;https://learn.microsoft.com/fr-fr/windows-hardware/manufacture/desktop/add-a-custom-script-to-windows-setup?view=windows-11;"Your company has an Azure Active Directory (Azure AD) tenant that is configured for hybrid coexistence with the on-premises Active Directory

domain.

The on-premise virtual environment consists of virtual machines (VMs) running on Windows Server 2012 R2 Hyper-V host servers.

You have created some PowerShell scripts to automate the configuration of newly created VMs. You plan to create several new VMs.

You need a solution that ensures the scripts are run on the new VMs.

Which of the following is the best solution?"
T1-Q22;Déployer et gérer les ressources de calcul Azure;Fiche question/réponse du support;theme;Non;Add-AzVhd;Add-AzVhd;https://learn.microsoft.com/en-us/azure/virtual-machines/availability-set-overview;"Your company has an Azure Active Directory (Azure AD) tenant that is configured for hybrid coexistence with the on-premises Active Directory

domain.

You plan to deploy several new virtual machines (VMs) in Azure. The VMs will have the same operating system and custom software

requirements.

You configure a reference VM in the on-premise virtual environment. You then generalize the VM to create an image.

You need to upload the image to Azure to ensure that it is available for selection when you create the new Azure VMs.

Which PowerShell cmdlets should you use?"
T1-Q23;Déployer et gérer les ressources de calcul Azure;Exercice avec correction comparée aux sources;scenario;Non;Coffre hébergeant la configuration Site Recovery : Azure Recovery Services vault · Source Hyper-V à inscrire : Hyper-V site · Paramètres de réplication : Replication policy;Coffre hébergeant la configuration Site Recovery : Azure Recovery Services vault · Source Hyper-V à inscrire : Hyper-V site · Paramètres de réplication : Replication policy;https://learn.microsoft.com/en-us/azure/site-recovery/hyper-v-azure-powershell-resource-manager;"Your company has an Azure subscription that includes a number of Azure virtual machines (VMs), which are all part of the same virtual network.

Your company also has an on-premises Hyper-V server that hosts a VM, named VM1, which must be replicated to Azure.

Which of the following objects that must be created to achieve this goal? Answer by dragging the correct option from the list to the answer area."
T1-Q24;Implémenter et gérer les réseaux virtuels;Fiche question/réponse du support;theme;Non;No;No;https://learn.microsoft.com/en-us/azure/virtual-network/virtual-network-peering-overview;"Note: The question is included in a number of questions that depicts the identical set-up. However, every question has a distinctive result.

Establish if the solution satisfies the requirements.

Your company's Azure subscription includes two Azure networks named VirtualNetworkA and VirtualNetworkB.

VirtualNetworkA includes a VPN gateway that is configured to make use of static routing. Also, a site-to-site VPN connection exists between your

company's on- premises network and VirtualNetworkA.

You have configured a point-to-site VPN connection to VirtualNetworkA from a workstation running Windows 10. After configuring virtual network

peering between

VirtualNetworkA and VirtualNetworkB, you confirm that you are able to access VirtualNetworkB from the company's on-premises network.

However, you find that you cannot establish a connection to VirtualNetworkB from the Windows 10 workstation.

You have to make sure that a connection to VirtualNetworkB can be established from the Windows 10 workstation.

Solution: You choose the Allow gateway transit setting on VirtualNetworkA.

Does the solution meet the goal?"
T1-Q25;Implémenter et gérer les réseaux virtuels;Fiche question/réponse du support;theme;Non;No;No;https://learn.microsoft.com/en-us/azure/virtual-network/virtual-network-peering-overview;"Note: The question is included in a number of questions that depicts the identical set-up. However, every question has a distinctive result.

Establish if the solution satisfies the requirements.

Your company's Azure subscription includes two Azure networks named VirtualNetworkA and VirtualNetworkB.

VirtualNetworkA includes a VPN gateway that is configured to make use of static routing. Also, a site-to-site VPN connection exists between your

company's on- premises network and VirtualNetworkA.

You have configured a point-to-site VPN connection to VirtualNetworkA from a workstation running Windows 10. After configuring virtual network

peering between

VirtualNetworkA and VirtualNetworkB, you confirm that you are able to access VirtualNetworkB from the company's on-premises network.

However, you find that you cannot establish a connection to VirtualNetworkB from the Windows 10 workstation.

You have to make sure that a connection to VirtualNetworkB can be established from the Windows 10 workstation.

Solution: You choose the Allow gateway transit setting on VirtualNetworkB.

Does the solution meet the goal?"
T1-Q26;Implémenter et gérer les réseaux virtuels;Fiche question/réponse du support;theme;Non;Yes;Yes;https://learn.microsoft.com/en-us/azure/virtual-network/virtual-network-peering-overview;"Note: The question is included in a number of questions that depicts the identical set-up. However, every question has a distinctive result.

Establish if the solution satisfies the requirements.

Your company's Azure subscription includes two Azure networks named VirtualNetworkA and VirtualNetworkB.

VirtualNetworkA includes a VPN gateway that is configured to make use of static routing. Also, a site-to-site VPN connection exists between your

company's on- premises network and VirtualNetworkA.

You have configured a point-to-site VPN connection to VirtualNetworkA from a workstation running Windows 10. After configuring virtual network

peering between

VirtualNetworkA and VirtualNetworkB, you confirm that you are able to access VirtualNetworkB from the company's on-premises network.

However, you find that you cannot establish a connection to VirtualNetworkB from the Windows 10 workstation.

You have to make sure that a connection to VirtualNetworkB can be established from the Windows 10 workstation.

Solution: You download and re-install the VPN client configuration package on the Windows 10 workstation.

Does the solution meet the goal?"
T1-Q27;Déployer et gérer les ressources de calcul Azure;Fiche question/réponse du support;theme;Non;Configure a Point-to-Site (P2S) VPN.;Configure a Point-to-Site (P2S) VPN.;https://learn.microsoft.com/en-us/azure/vpn-gateway/vpn-gateway-about-vpngateways;"Your company has virtual machines (VMs) hosted in Microsoft Azure. The VMs are located in a single Azure virtual network named VNet1.

The company has users that work remotely. The remote workers require access to the VMs on VNet1.

You need to provide access for the remote workers.

What should you do?"
T1-Q28;Déployer et gérer les ressources de calcul Azure;Fiche question/réponse du support;theme;Non;"No
No, the solution does not meet the goal.";"No
No, the solution does not meet the goal.";https://learn.microsoft.com/en-us/azure/load-balancer/load-balancer-custom-probe-overview;"Note: The question is included in a number of questions that depicts the identical set-up. However, every question has a distinctive result.

Establish if the solution satisfies the requirements.

Your company has a Microsoft SQL Server Always On availability group configured on their Azure virtual machines (VMs).

You need to configure an Azure internal load balancer as a listener for the availability group.

Solution: You create an HTTP health probe on port 1433.

Does the solution meet the goal?"
T1-Q29;Déployer et gérer les ressources de calcul Azure;Fiche question/réponse du support;theme;Non;No;No;https://learn.microsoft.com/en-us/azure/load-balancer/load-balancer-custom-probe-overview;"Note: The question is included in a number of questions that depicts the identical set-up. However, every question has a distinctive result.

Establish if the solution satisfies the requirements.

Your company has a Microsoft SQL Server Always On availability group configured on their Azure virtual machines (VMs).

You need to configure an Azure internal load balancer as a listener for the availability group.

Solution: You set Session persistence to Client IP.

Does the solution meet the goal?"
T1-Q30;Déployer et gérer les ressources de calcul Azure;Fiche question/réponse du support;theme;Non;Yes;Yes;https://learn.microsoft.com/en-us/azure/load-balancer/load-balancer-custom-probe-overview;"Note: The question is included in a number of questions that depicts the identical set-up. However, every question has a distinctive result.

Establish if the solution satisfies the requirements.

Your company has a Microsoft SQL Server Always On availability group configured on their Azure virtual machines (VMs).

You need to configure an Azure internal load balancer as a listener for the availability group.

Solution: You enable Floating IP.

Does the solution meet the goal?"
T1-Q31;Déployer et gérer les ressources de calcul Azure;Exercice avec correction comparée aux sources;scenario;Non;Dans la configuration IP de chaque interface réseau Azure;Dans la configuration IP de chaque interface réseau Azure;https://learn.microsoft.com/en-us/powershell/module/az.network/set-aznetworkinterfaceipconfig?view=azps-15.6.0;Deux VM Azure ont besoin d’adresses IP privées fixes sur leur sous-réseau. Où fixer chaque adresse ?
T1-Q32;Implémenter et gérer les réseaux virtuels;Fiche question/réponse du support;theme;Non;5;5;https://learn.microsoft.com/en-us/azure/virtual-machines/availability-set-overview;"Your company has an Azure Active Directory (Azure AD) subscription.

You need to deploy five virtual machines (VMs) to your company's virtual network subnet.

The VMs will each have both a public and private IP address. Inbound and outbound security rules for all of these virtual machines must be

identical.

Which of the following is the least amount of network interfaces needed for this configuration?"
T1-Q33;Implémenter et gérer les réseaux virtuels;Fiche question/réponse du support;theme;Non;1;1;https://learn.microsoft.com/en-us/azure/virtual-machines/availability-set-overview;"Your company has an Azure Active Directory (Azure AD) subscription.

You need to deploy five virtual machines (VMs) to your company's virtual network subnet.

The VMs will each have both a public and private IP address. Inbound and outbound security rules for all of these virtual machines must be

identical.

Which of the following is the least amount of security groups needed for this configuration?"
T1-Q34;Déployer et gérer les ressources de calcul Azure;Fiche question/réponse du support;theme;Non;You can recover the files to any VM within the company’s subscription.;You can recover the files to any VM within the company’s subscription.;https://learn.microsoft.com/en-us/azure/backup/backup-azure-arm-restore-vms;"Your company's Azure subscription includes Azure virtual machines (VMs) that run Windows Server 2016.

One of the VMs is backed up every day using Azure Backup Instant Restore.

When the VM becomes infected with data encrypting ransomware, you decide to recover the VM's files.

Which of the following is TRUE in this scenario?"
T1-Q35;Déployer et gérer les ressources de calcul Azure;Fiche question/réponse du support;theme;Non;You should restore the VM to a new Azure VM.;You should restore the VM to a new Azure VM.;https://learn.microsoft.com/en-us/azure/backup/backup-azure-arm-restore-vms;"Your company's Azure subscription includes Azure virtual machines (VMs) that run Windows Server 2016.

One of the VMs is backed up every day using Azure Backup Instant Restore.

When the VM becomes infected with data encrypting ransomware, you are required to restore the VM.

Which of the following actions should you take?"
T1-Q36;Gérer les identités et la gouvernance Azure;Exercice avec correction comparée aux sources;scenario;Non;Azure Monitor;Azure Monitor;https://learn.microsoft.com/en-us/azure/azure-monitor/logs/log-query-overview;"You administer a solution in Azure that is currently having performance issues.

You need to find the cause of the performance issues pertaining to metrics on the Azure infrastructure.

Which of the following is the tool you should use?"
T1-Q37;Surveiller et maintenir les ressources Azure;Fiche question/réponse du support;theme;Non;VMs that run Windows 10. + VMs that run Windows Server 2012 or higher. + VMs that have NOT been shut down. + VMs that run Debian 8.2+. + VMs that have been shut down.;VMs that run Windows 10. + VMs that run Windows Server 2012 or higher. + VMs that have NOT been shut down. + VMs that run Debian 8.2+. + VMs that have been shut down.;https://learn.microsoft.com/en-us/azure/backup/backup-support-matrix-iaas;"Your company has an Azure subscription that includes a Recovery Services vault.

You want to use Azure Backup to schedule a backup of your company's virtual machines (VMs) to the Recovery Services vault.

Which of the following VMs can you back up? Choose all that apply."
T1-Q38;Gérer les identités et la gouvernance Azure;Fiche question/réponse du support;theme;Non;"No
Guest Means Invited User
And Created User will be member";"No
Guest Means Invited User
And Created User will be member";https://learn.microsoft.com/en-us/entra/identity/role-based-access-control/permissions-reference;"Note: This question is part of a series of questions that present the same scenario. Each question in the series contains a unique solution that

might meet the stated goals. Some question sets might have more than one correct solution, while others might not have a correct solution.

After you answer a question in this section, you will NOT be able to return to it. As a result, these questions will not appear in the review screen.

You have an Azure Active Directory (Azure AD) tenant named contoso.com.

You have a CSV file that contains the names and email addresses of 500 external users.

You need to create a guest user account in contoso.com for each of the 500 external users.

Solution: You create a PowerShell script that runs the New-AzureADUser cmdlet for each user.

Does this meet the goal?"
T1-Q39;Gérer les identités et la gouvernance Azure;Fiche question/réponse du support;theme;Non;"No
Bulk Invite User will work for it";"No
Bulk Invite User will work for it";https://learn.microsoft.com/en-us/entra/identity/role-based-access-control/permissions-reference;"Note: This question is part of a series of questions that present the same scenario. Each question in the series contains a unique solution that

might meet the stated goals. Some question sets might have more than one correct solution, while others might not have a correct solution.

After you answer a question in this section, you will NOT be able to return to it. As a result, these questions will not appear in the review screen.

You have an Azure Active Directory (Azure AD) tenant named contoso.com.

You have a CSV file that contains the names and email addresses of 500 external users.

You need to create a guest user account in contoso.com for each of the 500 external users.

Solution: From Azure AD in the Azure portal, you use the Bulk create user operation.

Does this meet the goal?"
T1-Q40;Gérer les identités et la gouvernance Azure;Fiche question/réponse du support;theme;Non;Yes;Yes;https://learn.microsoft.com/en-us/entra/identity/role-based-access-control/permissions-reference;"Note: This question is part of a series of questions that present the same scenario. Each question in the series contains a unique solution that

might meet the stated goals. Some question sets might have more than one correct solution, while others might not have a correct solution.

After you answer a question in this section, you will NOT be able to return to it. As a result, these questions will not appear in the review screen.

You have an Azure Active Directory (Azure AD) tenant named contoso.com.

You have a CSV file that contains the names and email addresses of 500 external users.

You need to create a guest user account in contoso.com for each of the 500 external users.

Solution: You create a PowerShell script that runs the New-AzureADMSInvitation cmdlet for each external user.

Does this meet the goal?"
T2-Q1;Implémenter et gérer les réseaux virtuels;Exercice avec correction comparée aux sources;scenario;Non;Ajouter un backend pool à LB1 : Network Contributor on LB1 · Ajouter une health probe à LB2 : Network Contributor on LB2;Ajouter un backend pool à LB1 : Network Contributor on LB1 · Ajouter une health probe à LB2 : Network Contributor on LB2;https://learn.microsoft.com/en-us/azure/role-based-access-control/built-in-roles;"You have an Azure subscription named Subscription1 that contains a resource group named RG1.

In RG1, you create an internal load balancer named LB1 and a public load balancer named LB2.

You need to ensure that an administrator named Admin1 can manage LB1 and LB2. The solution must follow the principle of least privilege.

Which role should you assign to Admin1 for each task? To answer, select the appropriate options in the answer area.

NOTE: Each correct selection is worth one point."
T2-Q2;Déployer et gérer les ressources de calcul Azure;Exercice avec correction comparée aux sources;scenario;Non;Exécuter az aks update --enable-aad pour AKS1;Exécuter az aks update --enable-aad pour AKS1;https://learn.microsoft.com/en-us/azure/aks/enable-authentication-microsoft-entra-id;AKS1 existe déjà sans authentification Microsoft Entra. Vous voulez permettre l’authentification des utilisateurs du tenant contoso.com. Quelle action permet d’activer cette intégration sur le cluster existant ?
T2-Q3;Gérer les identités et la gouvernance Azure;Fiche question/réponse du support;theme;Non;"a Microsoft 365 group that uses the Dynamic User membership type || a Microsoft 365 group tha
t uses the Assigned membership type";"a Microsoft 365 group that uses the Dynamic User membership type || a Microsoft 365 group tha
t uses the Assigned membership type";https://learn.microsoft.com/en-us/entra/identity/role-based-access-control/permissions-reference;"You have a Microsoft 365 tenant and an Azure Active Directory (Azure AD) tenant named contoso.com.

You plan to grant three users named User1, User2, and User3 access to a temporary Microsoft SharePoint document library named Library1.

You need to create groups for the users. The solution must ensure that the groups are deleted automatically after 180 days.

Which two groups should you create? Each correct answer presents a complete solution.

NOTE: Each correct selection is worth one point."
T2-Q4;Gérer les identités et la gouvernance Azure;Fiche question/réponse du support;theme;Non;Ligne 1 du tableau : Non · Ligne 2 du tableau : Non · Ligne 3 du tableau : Oui;Ligne 1 du tableau : Non · Ligne 2 du tableau : Non · Ligne 3 du tableau : Oui;https://learn.microsoft.com/en-us/entra/identity/role-based-access-control/permissions-reference;"You have an Azure Active Directory (Azure AD) tenant named contoso.com that contains the users shown in the following table:

User3 is the owner of Group1.

Group2 is a member of Group1.

You configure an access review named Review1 as shown in the following exhibit:

For each of the following statements, select Yes if the statement is true. Otherwise, select No.

NOTE: Each correct selection is worth one point."
T2-Q5;Gérer les identités et la gouvernance Azure;Fiche question/réponse du support;theme;Non;Ligne 1 du tableau : Non · Ligne 2 du tableau : Non · Ligne 3 du tableau : Oui;Ligne 1 du tableau : Non · Ligne 2 du tableau : Non · Ligne 3 du tableau : Oui;https://learn.microsoft.com/en-us/azure/governance/policy/overview;"You have the Azure management groups shown in the following table:

You add Azure subscriptions to the management groups as shown in the following table:

You create the Azure policies shown in the following table:

For each of the following statements, select Yes if the statement is true. Otherwise, select No.

NOTE: Each correct selection is worth one point."
T2-Q6;Gérer les identités et la gouvernance Azure;Fiche question/réponse du support;theme;Non;You can create Azure SQL servers in ContosoRG1 only.;You can create Azure SQL servers in ContosoRG1 only.;https://learn.microsoft.com/en-us/azure/governance/policy/concepts/compliance-states;"You have an Azure policy as shown in the following exhibit:

What is the effect of the policy?"
T2-Q7;Implémenter et gérer les réseaux virtuels;Exercice avec correction comparée aux sources;scenario;Non;Balises de VNET1 sans tâche de remédiation : Department: D1 only · Balises de VNET2 créé après la règle : Label: Value1 only;Balises de VNET1 sans tâche de remédiation : Department: D1 only · Balises de VNET2 créé après la règle : Label: Value1 only;https://learn.microsoft.com/en-us/azure/azure-resource-manager/management/tag-policies;"You have an Azure subscription that contains the resources shown in the following table:

You assign a policy to RG6 as shown in the following table:

To RG6, you apply the tag: RGroup: RG6.

You deploy a virtual network named VNET2 to RG6.

Which tags apply to VNET1 and VNET2? To answer, select the appropriate options in the answer area.

NOTE: Each correct selection is worth one point."
T2-Q8;Implémenter et gérer les réseaux virtuels;Fiche question/réponse du support;theme;Non;VM1, storage1, VNET1, and VM1Managed only;VM1, storage1, VNET1, and VM1Managed only;https://learn.microsoft.com/en-us/azure/role-based-access-control/role-assignments-portal;"You have an Azure subscription named AZPT1 that contains the resources shown in the following table:

You create a new Azure subscription named AZPT2.

You need to identify which resources can be moved to AZPT2.

Which resources should you identify?"
T2-Q9;Gérer les identités et la gouvernance Azure;Fiche question/réponse du support;theme;Non;From Azure PowerShell, run the Set-AzMarketplaceTerms cmdlet;From Azure PowerShell, run the Set-AzMarketplaceTerms cmdlet;https://learn.microsoft.com/en-us/azure/azure-resource-manager/templates/deployment-modes;"You recently created a new Azure subscription that contains a user named Admin1.

Admin1 attempts to deploy an Azure Marketplace resource by using an Azure Resource Manager template. Admin1 deploys the template by using

Azure

PowerShell and receives the following error message: `User failed validation to purchase resources. Error message: `Legal terms have not been

accepted for this item on this subscription. To accept legal terms, please go to the Azure portal (http://go.microsoft.com/fwlink/?LinkId=534873)

and configure programmatic deployment for the Marketplace item or create it there for the first time.`

You need to ensure that Admin1 can deploy the Marketplace resource successfully.

What should you do?"
T2-Q10;Gérer les identités et la gouvernance Azure;Fiche question/réponse du support;theme;Non;From the Directory role blade, modify the directory role;From the Directory role blade, modify the directory role;https://learn.microsoft.com/en-us/azure/role-based-access-control/role-assignments-portal;"You have an Azure Active Directory (Azure AD) tenant that contains 5,000 user accounts.

You create a new user account named AdminUser1.

You need to assign the User administrator administrative role to AdminUser1.

What should you do from the user account properties?"
T2-Q11;Gérer les identités et la gouvernance Azure;Fiche question/réponse du support;theme;Non;From the Licenses blade of Azure AD, assign a license;From the Licenses blade of Azure AD, assign a license;https://learn.microsoft.com/en-us/entra/identity/role-based-access-control/permissions-reference;"You have an Azure Active Directory (Azure AD) tenant named contoso.onmicrosoft.com that contains 100 user accounts.

You purchase 10 Azure AD Premium P2 licenses for the tenant.

You need to ensure that 10 users can use all the Azure AD Premium features.

What should you do?"
T2-Q12;Déployer et gérer les ressources de calcul Azure;Fiche question/réponse du support;theme;Non;Deploy the IT Service Management Connector (ITSM);Deploy the IT Service Management Connector (ITSM);https://learn.microsoft.com/en-us/azure/azure-monitor/alerts/alerts-overview;"You have an Azure subscription named Subscription1 and an on-premises deployment of Microsoft System Center Service Manager.

Subscription1 contains a virtual machine named VM1.

You need to ensure that an alert is set in Service Manager when the amount of available memory on VM1 is below 10 percent.

What should you do first?"
T2-Q13;Gérer les identités et la gouvernance Azure;Fiche question/réponse du support;theme;Non;Device settings from the Devices blade;Device settings from the Devices blade;https://learn.microsoft.com/en-us/entra/identity/role-based-access-control/permissions-reference;"You sign up for Azure Active Directory (Azure AD) Premium P2.

You need to add a user named admin1@contoso.com as an administrator on all the computers that will be joined to the Azure AD domain.

What should you configure in Azure AD?"
T2-Q14;Gérer les identités et la gouvernance Azure;Fiche question/réponse du support;theme;Non;Ligne 1 du tableau : Oui · Ligne 2 du tableau : Non · Ligne 3 du tableau : Non;Ligne 1 du tableau : Oui · Ligne 2 du tableau : Non · Ligne 3 du tableau : Non;https://learn.microsoft.com/en-us/entra/identity/role-based-access-control/permissions-reference;"You have Azure Active Directory tenant named Contoso.com that includes following users:

Contoso.com includes following Windows 10 devices:

You create following security groups in Contoso.com:

For each of the following statements, select Yes if the statement is true. Otherwise, select No.

NOTE: Each correct selection is worth one point."
T2-Q15;Gérer les identités et la gouvernance Azure;Fiche question/réponse du support;theme;Non;Stop the backup of SQLDB01;Stop the backup of SQLDB01;https://learn.microsoft.com/en-us/azure/backup/backup-azure-arm-restore-vms;"You have an Azure subscription that contains a resource group named RG26.

RG26 is set to the West Europe location and is used to create temporary resources for a project. RG26 contains the resources shown in the

following table.

SQLDB01 is backed up to RGV1.

When the project is complete, you attempt to delete RG26 from the Azure portal. The deletion fails.

You need to delete RG26.

What should you do first?"
T2-Q16;Gérer les identités et la gouvernance Azure;Exercice avec correction comparée aux sources;scenario;Non;Assign User1 the User Access Administrator role for VNet1.;Assign User1 the User Access Administrator role for VNet1.;https://learn.microsoft.com/en-us/azure/role-based-access-control/built-in-roles;User1 est Reader sur Subscription1. Vous voulez lui permettre d’attribuer le rôle Reader seulement sur VNet1, sans lui donner la gestion des ressources. Que lui attribuer ?
T2-Q17;Gérer les identités et la gouvernance Azure;Exercice avec correction comparée aux sources;scenario;Non;MX;MX & TXT;https://learn.microsoft.com/en-us/azure/dns/dns-domain-delegation;"You have an Azure Active Directory (Azure AD) tenant named contosocloud.onmicrosoft.com.

Your company has a public DNS zone for contoso.com.

You add contoso.com as a custom domain name to Azure AD.

You need to ensure that Azure can verify the domain name.

Which type of DNS record should you create?"
T2-Q18;Gérer les identités et la gouvernance Azure;Fiche question/réponse du support;theme;Non;No;No;https://learn.microsoft.com/en-us/azure/role-based-access-control/role-assignments-portal;"Note: This question is part of a series of questions that present the same scenario. Each question in the series contains a unique solution that

might meet the stated goals. Some question sets might have more than one correct solution, while others might not have a correct solution.

After you answer a question in this section, you will NOT be able to return to it. As a result, these questions will not appear in the review screen.

You have an Azure Directory (Azure AD) tenant named Adatum and an Azure Subscription named Subscription1. Adatum contains a group named

Developers.

Subscription1 contains a resource group named Dev.

You need to provide the Developers group with the ability to create Azure logic apps in the Dev resource group.

Solution: On Subscription1, you assign the DevTest Labs User role to the Developers group.

Does this meet the goal?"
T2-Q19;Gérer les identités et la gouvernance Azure;Fiche question/réponse du support;theme;Non;No;No;https://learn.microsoft.com/en-us/azure/role-based-access-control/role-assignments-portal;"Note: This question is part of a series of questions that present the same scenario. Each question in the series contains a unique solution that

might meet the stated goals. Some question sets might have more than one correct solution, while others might not have a correct solution.

After you answer a question in this section, you will NOT be able to return to it. As a result, these questions will not appear in the review screen.

You have an Azure Directory (Azure AD) tenant named Adatum and an Azure Subscription named Subscription1. Adatum contains a group named

Developers.

Subscription1 contains a resource group named Dev.

You need to provide the Developers group with the ability to create Azure logic apps in the Dev resource group.

Solution: On Subscription1, you assign the Logic App Operator role to the Developers group.

Does this meet the goal?"
T2-Q20;Gérer les identités et la gouvernance Azure;Fiche question/réponse du support;theme;Non;Yes;Yes;https://learn.microsoft.com/en-us/azure/role-based-access-control/role-assignments-portal;"Note: This question is part of a series of questions that present the same scenario. Each question in the series contains a unique solution that

might meet the stated goals. Some question sets might have more than one correct solution, while others might not have a correct solution.

After you answer a question in this section, you will NOT be able to return to it. As a result, these questions will not appear in the review screen.

You have an Azure Directory (Azure AD) tenant named Adatum and an Azure Subscription named Subscription1. Adatum contains a group named

Developers.

Subscription1 contains a resource group named Dev.

You need to provide the Developers group with the ability to create Azure logic apps in the Dev resource group.

Solution: On Dev, you assign the Contributor role to the Developers group.

Does this meet the goal?"
T2-Q21;Gérer les identités et la gouvernance Azure;Exercice avec correction comparée aux sources;scenario;Non;Étape 1 : Assign a tag to each resource · Étape 2 : Filter Cost Analysis by the tag · Étape 3 : Export the resulting costs;Étape 1 : Assign a tag to each resource · Étape 2 : Filter Cost Analysis by the tag · Étape 3 : Export the resulting costs;https://learn.microsoft.com/en-us/azure/azure-resource-manager/management/tag-resources | https://learn.microsoft.com/en-us/azure/cost-management-billing/costs/cost-analysis-common-uses;Vous voulez ventiler par équipe les coûts futurs des ressources Azure. Classez ces actions : appliquer les tags, filtrer Cost Analysis, exporter les coûts résultants.
T2-Q22;Surveiller et maintenir les ressources Azure;Exercice avec correction comparée aux sources;scenario;Non;"search in (Event) ""error""";"search in (Event) ""error""";https://learn.microsoft.com/en-us/kusto/query/search-operator?view=microsoft-fabric;"You have an Azure subscription named Subscription1 that contains an Azure Log Analytics workspace named Workspace1.

You need to view the error events from a table named Event.

Which query should you run in Workspace1?"
T2-Q23;Implémenter et gérer les réseaux virtuels;Fiche question/réponse du support;theme;Non;Ligne 1 du tableau : Oui · Ligne 2 du tableau : Oui · Ligne 3 du tableau : Non;Ligne 1 du tableau : Oui · Ligne 2 du tableau : Oui · Ligne 3 du tableau : Non;https://learn.microsoft.com/en-us/azure/azure-resource-manager/templates/deployment-modes;"You have an Azure subscription that contains a virtual network named VNET1 in the East US 2 region. A network interface named VM1-NI is

connected to

VNET1.

You successfully deploy the following Azure Resource Manager template.

For each of the following statements, select Yes if the statement is true. Otherwise, select No.

NOTE: Each correct selection is worth one point."
T2-Q24;Déployer et gérer les ressources de calcul Azure;Fiche question/réponse du support;theme;Non;The App Service plan for WebApp1 remains in West Europe. Policy2 applies to WebApp1.;The App Service plan for WebApp1 remains in West Europe. Policy2 applies to WebApp1.;https://learn.microsoft.com/en-us/azure/app-service/overview-hosting-plans;"You have an Azure subscription named Subscription1. Subscription1 contains the resource groups in the following table.

RG1 has a web app named WebApp1. WebApp1 is located in West Europe.

You move WebApp1 to RG2.

What is the effect of the move?"
T2-Q25;Gérer les identités et la gouvernance Azure;Fiche question/réponse du support;theme;Non;/subscriptions/c276fc76-9cd4-44c9-99a7-4fd71546436e / Microsoft.Authorization/*;/subscriptions/c276fc76-9cd4-44c9-99a7-4fd71546436e / Microsoft.Authorization/*;https://learn.microsoft.com/en-us/azure/role-based-access-control/role-assignments-portal;"You have an Azure subscription named Subscription1 that has a subscription ID of c276fc76-9cd4-44c9-99a7-4fd71546436e.

You need to create a custom RBAC role named CR1 that meets the following requirements:

✑ Can be assigned only to the resource groups in Subscription1
✑ Prevents the management of the access permissions for the resource groups
✑ Allows the viewing, creating, modifying, and deleting of resources within the resource groups
What should you specify in the assignable scopes and the permission elements of the definition of CR1? To answer, select the appropriate options

in the answer area.

NOTE: Each correct selection is worth one point."
T2-Q26;Déployer et gérer les ressources de calcul Azure;Fiche question/réponse du support;theme;Non;an internal load balancer , an Azure Application Gateway;an internal load balancer , an Azure Application Gateway;https://learn.microsoft.com/en-us/azure/vpn-gateway/vpn-gateway-about-vpngateways;"You have an Azure subscription.

Users access the resources in the subscription from either home or from customer sites. From home, users must establish a point-to-site VPN to

access the Azure resources. The users on the customer sites access the Azure resources by using site-to-site VPNs.

You have a line-of-business-app named App1 that runs on several Azure virtual machine. The virtual machines run Windows Server 2016.

You need to ensure that the connections to App1 are spread across all the virtual machines.

What are two possible Azure services that you can use? Each correct answer presents a complete solution.

NOTE: Each correct selection is worth one point."
T2-Q27;Déployer et gérer les ressources de calcul Azure;Fiche question/réponse du support;theme;Non;Advisor;Advisor;https://learn.microsoft.com/en-us/azure/virtual-machines/availability-set-overview;"You have an Azure subscription.

You have 100 Azure virtual machines.

You need to quickly identify underutilized virtual machines that can have their service tier changed to a less expensive offering.

Which blade should you use?"
T2-Q28;Gérer les identités et la gouvernance Azure;Exercice avec correction comparée aux sources;scenario;Non;Ciblage des utilisateurs : Users and groups · Application ciblée : Cloud apps or actions · Exigence MFA : Grant;Ciblage des utilisateurs : Users and groups · Application ciblée : Cloud apps or actions · Exigence MFA : Grant;https://learn.microsoft.com/en-us/entra/identity/conditional-access/concept-conditional-access-grant;Dans une stratégie Conditional Access imposant MFA à certains utilisateurs qui ouvrent le portail Azure, quels paramètres définissent les utilisateurs, la ressource visée et le contrôle d’accès ?
T2-Q29;Gérer les identités et la gouvernance Azure;Fiche question/réponse du support;theme;Non;From the Users settings blade, modify the External collaboration settings;From the Users settings blade, modify the External collaboration settings;https://learn.microsoft.com/en-us/azure/role-based-access-control/role-assignments-portal;"You have an Azure Active Directory (Azure AD) tenant named contoso.onmicrosoft.com.

The User administrator role is assigned to a user named Admin1.

An external partner has a Microsoft account that uses the user1@outlook.com sign in.

Admin1 attempts to invite the external partner to sign in to the Azure AD tenant and receives the following error message: `Unable to invite user

user1@outlook.com `"" Generic authorization exception.`

You need to ensure that Admin1 can invite the external partner to sign in to the Azure AD tenant.

What should you do?"
T2-Q30;Gérer les identités et la gouvernance Azure;Fiche question/réponse du support;theme;Non;"Assign the Global administrator role to User1, and then instruct User1 to configure access manag
ement for Azure resources";"Assign the Global administrator role to User1, and then instruct User1 to configure access manag
ement for Azure resources";https://learn.microsoft.com/en-us/entra/identity/role-based-access-control/permissions-reference;"You have an Azure subscription linked to an Azure Active Directory tenant. The tenant includes a user account named User1.

You need to ensure that User1 can assign a policy to the tenant root management group.

What should you do?"
T2-Q31;Gérer les identités et la gouvernance Azure;Fiche question/réponse du support;theme;Non;Group 1 Only / Group 1 and 2 Only;Group 1 Only / Group 1 and 2 Only;https://learn.microsoft.com/en-us/entra/identity/role-based-access-control/permissions-reference;"You have an Azure Active Directory (Azure AD) tenant named adatum.com. Adatum.com contains the groups in the following table.

You create two user accounts that are configured as shown in the following table.

Of which groups are User1 and User2 members? To answer, select the appropriate options in the answer area.

NOTE: Each correct selection is worth one point."
T2-Q32;Gérer les identités et la gouvernance Azure;Fiche question/réponse du support;theme;Non;User1 and User3 only / User1, User2, and User3;User1 and User3 only / User1, User2, and User3;https://learn.microsoft.com/en-us/entra/identity/role-based-access-control/permissions-reference;"You have a hybrid deployment of Azure Active Directory (Azure AD) that contains the users shown in the following table.

You need to modify the JobTitle and UsageLocation attributes for the users.

For which users can you modify the attributes from Azure AD? To answer, select the appropriate options in the answer area.

NOTE: Each correct selection is worth one point."
T2-Q33;Gérer les identités et la gouvernance Azure;Fiche question/réponse du support;theme;Non;Yes;Yes;https://learn.microsoft.com/en-us/azure/role-based-access-control/role-assignments-portal;"Note: This question is part of a series of questions that present the same scenario. Each question in the series contains a unique solution that

might meet the stated goals. Some question sets might have more than one correct solution, while others might not have a correct solution.

After you answer a question in this section, you will NOT be able to return to it. As a result, these questions will not appear in the review screen.

You need to ensure that an Azure Active Directory (Azure AD) user named Admin1 is assigned the required role to enable Traffic Analytics for an

Azure subscription.

Solution: You assign the Network Contributor role at the subscription level to Admin1.

Does this meet the goal?"
T2-Q34;Gérer les identités et la gouvernance Azure;Fiche question/réponse du support;theme;Non;Yes;Yes;https://learn.microsoft.com/en-us/azure/role-based-access-control/role-assignments-portal;"Note: This question is part of a series of questions that present the same scenario. Each question in the series contains a unique solution that

might meet the stated goals. Some question sets might have more than one correct solution, while others might not have a correct solution.

After you answer a question in this section, you will NOT be able to return to it. As a result, these questions will not appear in the review screen.

You need to ensure that an Azure Active Directory (Azure AD) user named Admin1 is assigned the required role to enable Traffic Analytics for an

Azure subscription.

Solution: You assign the Owner role at the subscription level to Admin1.

Does this meet the goal?"
T2-Q35;Gérer les identités et la gouvernance Azure;Fiche question/réponse du support;theme;Non;No;No;https://learn.microsoft.com/en-us/azure/role-based-access-control/role-assignments-portal;"Note: This question is part of a series of questions that present the same scenario. Each question in the series contains a unique solution that

might meet the stated goals. Some question sets might have more than one correct solution, while others might not have a correct solution.

After you answer a question in this section, you will NOT be able to return to it. As a result, these questions will not appear in the review screen.

You need to ensure that an Azure Active Directory (Azure AD) user named Admin1 is assigned the required role to enable Traffic Analytics for an

Azure subscription.

Solution: You assign the Reader role at the subscription level to Admin1.

Does this meet the goal?"
T2-Q36;Déployer et gérer les ressources de calcul Azure;Fiche question/réponse du support;theme;Non;Contributor;Contributor;https://learn.microsoft.com/en-us/azure/role-based-access-control/role-assignments-portal;"You have an Azure subscription that contains a user named User1.

You need to ensure that User1 can deploy virtual machines and manage virtual networks. The solution must use the principle of least privilege.

Which role-based access control (RBAC) role should you assign to User1?"
T2-Q37;Gérer les identités et la gouvernance Azure;Fiche question/réponse du support;theme;Non;YES YES NO;YES YES NO;https://learn.microsoft.com/en-us/entra/identity/role-based-access-control/permissions-reference;"You have an Azure Active Directory (Azure AD) tenant that contains three global administrators named Admin1, Admin2, and Admin3.

The tenant is associated to an Azure subscription. Access control for the subscription is configured as shown in the Access control exhibit. (Click

the Access

Control tab.)

You sign in to the Azure portal as Admin1 and configure the tenant as shown in the Tenant exhibit. (Click the Tenant tab.)

For each of the following statements, select Yes if the statement is true. Otherwise, select No.

NOTE: Each correct selection is worth one point."
T2-Q38;Déployer et gérer les ressources de calcul Azure;Fiche question/réponse du support;theme;Non;From the Azure portal, modify the Managed Identity settings of VM1;From the Azure portal, modify the Managed Identity settings of VM1;https://learn.microsoft.com/en-us/azure/virtual-machines/availability-set-overview;"You have an Azure subscription named Subscription1 that contains an Azure virtual machine named VM1. VM1 is in a resource group named RG1.

VM1 runs services that will be used to deploy resources to RG1.

You need to ensure that a service running on VM1 can manage the resources in RG1 by using the identity of VM1.

What should you do first?"
T2-Q39;Gérer les identités et la gouvernance Azure;Fiche question/réponse du support;theme;Oui;Remove the resource lock from VNET1 and delete all data in Vault1;Remove the resource lock from VNET1 and delete all data in Vault1;https://learn.microsoft.com/fr-fr/azure/backup/backup-azure-delete-vault;"You have an Azure subscription that contains a resource group named TestRG.

You use TestRG to validate an Azure deployment.

TestRG contains the following resources:

You need to delete TestRG.

What should you do first?"
T2-Q40;Implémenter et gérer les réseaux virtuels;Exercice avec correction comparée aux sources;scenario;Non;Create an NS record named research in the adatum.com zone.;Create an NS record named research in the adatum.com zone.;https://learn.microsoft.com/en-us/azure/dns/dns-domain-delegation;"You have an Azure DNS zone named adatum.com.

You need to delegate a subdomain named research.adatum.com to a different DNS server in Azure.

What should you do?"
T2-Q41;Gérer les identités et la gouvernance Azure;Fiche question/réponse du support;theme;Non;"Add a custom Name
Add a record to public dns Zone
Verify the Domain";"Add a custom Name
Add a record to public dns Zone
Verify the Domain";https://learn.microsoft.com/en-us/azure/dns/private-dns-virtual-network-links;"You have an Azure Active Directory (Azure AD) tenant that has the contoso.onmicrosoft.com domain name.

You have a domain name of contoso.com registered at a third-party registrar.

You need to ensure that you can create Azure AD users that have names containing a suffix of @contoso.com.

Which three actions should you perform in sequence? To answer, move the appropriate actions from the list of actions to the answer area and

arrange them in the correct order."
T2-Q42;Surveiller et maintenir les ressources Azure;Fiche question/réponse du support;theme;Non;"Event | search ""error""";"Event | search ""error""";https://learn.microsoft.com/en-us/azure/azure-monitor/logs/log-query-overview;"You have an Azure subscription named Subscription1 that contains an Azure Log Analytics workspace named Workspace1.

You need to view the error events from a table named Event.

Which query should you run in Workspace1?"
T2-Q43;Implémenter et gérer les réseaux virtuels;Exercice avec correction comparée aux sources;scenario;Non;Modify the NS records in the DNS domain registrar.;Modify the NS records in the DNS domain registrar.;https://learn.microsoft.com/en-us/azure/dns/dns-delegate-domain-azure-dns;"You have a registered DNS domain named contoso.com.

You create a public Azure DNS zone named contoso.com.

You need to ensure that records created in the contoso.com zone are resolvable from the internet.

What should you do?"
T2-Q44;Implémenter et gérer le stockage;Fiche question/réponse du support;theme;Non;Ligne 1 du tableau : Oui · Ligne 2 du tableau : Non · Ligne 3 du tableau : Oui;Ligne 1 du tableau : Oui · Ligne 2 du tableau : Non · Ligne 3 du tableau : Oui;https://learn.microsoft.com/fr-fr/azure/storage/files/storage-files-active-directory-overview;"You have an Azure subscription that contains a storage account named storage1. The subscription is linked to an Azure Active Directory (Azure

AD) tenant named contoso.com that syncs to an on-premises Active Directory domain.

The domain contains the security principals shown in the following table.

In Azure AD, you create a user named User2.

The storage1 account contains a file share named share1 and has the following configurations.

For each of the following statements, select Yes if the statement is true. Otherwise, select No.

NOTE: Each correct selection is worth one point."
T2-Q45;Implémenter et gérer les réseaux virtuels;Fiche question/réponse du support;theme;Non;USER 1 & User 3 Only / User 1 only;USER 1 & User 3 Only / User 1 only;https://learn.microsoft.com/en-us/azure/role-based-access-control/role-assignments-portal;"You have an Azure subscription named Subscription1 that contains a virtual network VNet1.

You add the users in the following table.

Which user can perform each configuration? To answer, select the appropriate options in the answer area.

NOTE: Each correct selection is worth one point."
T2-Q46;Gérer les identités et la gouvernance Azure;Exercice avec correction comparée aux sources;scenario;Non;Portées possibles des resource locks : Subscription1, RG1 and VM1 · Portées possibles des tags : Subscription1, RG1 and VM1;Portées possibles des resource locks : Subscription1, RG1 and VM1 · Portées possibles des tags : Subscription1, RG1 and VM1;https://learn.microsoft.com/en-us/azure/azure-resource-manager/management/lock-resources | https://learn.microsoft.com/en-us/azure/azure-resource-manager/management/tag-resources;Subscription1 contient RG1 et VM1. Quelles portées acceptent les verrous ARM et les balises Azure ?
T2-Q47;Gérer les identités et la gouvernance Azure;Fiche question/réponse du support;theme;Non;The user principal name of each user only;The user principal name of each user only;https://learn.microsoft.com/en-us/entra/identity/role-based-access-control/permissions-reference;"You have an Azure Active Directory (Azure AD) tenant.

You plan to delete multiple users by using Bulk delete in the Azure Active Directory admin center.

You need to create and upload a file for the bulk delete.

Which user attributes should you include in the file?"
T2-Q48;Gérer les identités et la gouvernance Azure;Fiche question/réponse du support;theme;Non;"No
NO
No";"No
NO
No";https://learn.microsoft.com/en-us/azure/governance/policy/concepts/compliance-states;"You have an Azure subscription named Sub1 that contains the Azure resources shown in the following table.

You assign an Azure policy that has the following settings:

✑ Scope: Sub1
✑ Exclusions: Sub1/RG1/VNET1
✑ Policy definition: Append a tag and its value to resources
✑ Policy enforcement: Enabled
✑ Tag name: Tag4
✑ Tag value: value4
You assign tags to the resources as shown in the following table.

For each of the following statements, select Yes if the statement is true. Otherwise, select No.

NOTE: Each correct selection is worth one point."
T2-Q49;Gérer les identités et la gouvernance Azure;Fiche question/réponse du support;theme;Non;No;No;https://learn.microsoft.com/en-us/azure/role-based-access-control/role-assignments-portal;"Note: This question is part of a series of questions that present the same scenario. Each question in the series contains a unique solution that

might meet the stated goals. Some question sets might have more than one correct solution, while others might not have a correct solution.

After you answer a question in this section, you will NOT be able to return to it. As a result, these questions will not appear in the review screen.

You need to ensure that an Azure Active Directory (Azure AD) user named Admin1 is assigned the required role to enable Traffic Analytics for an

Azure subscription.

Solution: You assign the Traffic Manager Contributor role at the subscription level to Admin1.

Does this meet the goal?"
T2-Q50;Gérer les identités et la gouvernance Azure;Fiche question/réponse du support;theme;Non;Administrative Unit;Administrative Unit;https://learn.microsoft.com/en-us/entra/identity/role-based-access-control/permissions-reference;"You have three offices and an Azure subscription that contains an Azure Active Directory (Azure AD) tenant.

You need to grant user management permissions to a local administrator in each office.

What should you use?"
T2-Q51;Gérer les identités et la gouvernance Azure;Fiche question/réponse du support;theme;Non;Yes;Yes;https://learn.microsoft.com/en-us/azure/role-based-access-control/role-assignments-portal;"Note: This question is part of a series of questions that present the same scenario. Each question in the series contains a unique solution that

might meet the stated goals. Some question sets might have more than one correct solution, while others might not have a correct solution.

After you answer a question in this section, you will NOT be able to return to it. As a result, these questions will not appear in the review screen.

You have an Azure Directory (Azure AD) tenant named Adatum and an Azure Subscription named Subscription1. Adatum contains a group named

Developers.

Subscription1 contains a resource group named Dev.

You need to provide the Developers group with the ability to create Azure logic apps in the Dev resource group.

Solution: On Dev, you assign the Logic App Contributor role to the Developers group.

Does this meet the goal?"
T2-Q52;Implémenter et gérer les réseaux virtuels;Fiche question/réponse du support;theme;Non;assign access to other users for / delete a virtual machine from;assign access to other users for / delete a virtual machine from;https://learn.microsoft.com/en-us/azure/load-balancer/load-balancer-custom-probe-overview;"You have an Azure Load Balancer named LB1.

You assign a user named User1 the roles shown in the following exhibit.

Use the drop-down menus to select the answer choice that completes each statement based on the information presented in the graphic.

NOTE: Each correct selection is worth one point."
T2-Q53;Gérer les identités et la gouvernance Azure;Fiche question/réponse du support;theme;Non;Assign User1 the Owner role for VNet1.;Assign User1 the Owner role for VNet1.;https://learn.microsoft.com/en-us/azure/role-based-access-control/built-in-roles;"You have an Azure subscription named Subscription1 that contains a virtual network named VNet1. VNet1 is in a resource group named RG1.

Subscription1 has a user named User1. User1 has the following roles:

✑ Reader
✑ Security Admin
✑ Security Reader
You need to ensure that User1 can assign the Reader role for VNet1 to other users.

What should you do?"
T2-Q54;Gérer les identités et la gouvernance Azure;Exercice avec correction comparée aux sources;scenario;Non;Section du rôle pour autoriser la connexion utilisateur à une VM : dataActions · Section limitant le lieu où ce rôle personnalisé peut être attribué : assignableScopes;Section du rôle pour autoriser la connexion utilisateur à une VM : dataActions · Section limitant le lieu où ce rôle personnalisé peut être attribué : assignableScopes;https://learn.microsoft.com/en-us/azure/role-based-access-control/built-in-roles/compute | https://learn.microsoft.com/en-us/powershell/module/az.resources/new-azroledefinition?view=azps-16.3.0;"You configure the custom role shown in the following exhibit.

Use the drop-down menus to select the answer choice that completes each statement based on the information presented in the graphic.

NOTE: Each correct selection is worth one point."
T2-Q55;Implémenter et gérer le stockage;Fiche question/réponse du support;theme;Non;Enable Active Directory Domain Service (AD DS) authentication for storage1.;Enable Active Directory Domain Service (AD DS) authentication for storage1.;https://learn.microsoft.com/en-us/azure/role-based-access-control/role-assignments-portal;"You have an Azure subscription that contains a storage account named storage1. The storage1 account contains a file share named share1.

The subscription is linked to a hybrid Azure Active Directory (Azure AD) tenant that contains a security group named Group1.

You need to grant Group1 the Storage File Data SMB Share Elevated Contributor role for share1.

What should you do first?"
T2-Q56;Gérer les identités et la gouvernance Azure;Fiche question/réponse du support;theme;Non;ssign Group1 the User Access Administrator role for the root management group;ssign Group1 the User Access Administrator role for the root management group;https://learn.microsoft.com/en-us/azure/role-based-access-control/role-assignments-portal;"You have 15 Azure subscriptions.

You have an Azure Active Directory (Azure AD) tenant that contains a security group named Group1.

You plan to purchase additional Azure subscription.

You need to ensure that Group1 can manage role assignments for the existing subscriptions and the planned subscriptions. The solution must

meet the following requirements:

✑ Use the principle of least privilege.
✑ Minimize administrative effort.
What should you do?"
T2-Q57;Gérer les identités et la gouvernance Azure;Fiche question/réponse du support;theme;Non;Portées où assigner Policy1 dans cette hiérarchie : Tenant Root Group, ManagementGroup1, Subscription1, and RG1 only · Portées qui peuvent être exclues d’une assignation à Tenant Root Group : ManagementGroup1, Subscription1, RG1, and VM1 only;Portées où assigner Policy1 dans cette hiérarchie : Tenant Root Group, ManagementGroup1, Subscription1, and RG1 only · Portées qui peuvent être exclues d’une assignation à Tenant Root Group : ManagementGroup1, Subscription1, RG1, and VM1 only;https://learn.microsoft.com/en-us/azure/governance/policy/concepts/scope;"You have an Azure subscription that contains the hierarchy shown in the following exhibit.

You create an Azure Policy definition named Policy1.

To which Azure resources can you assign Policy1 and which Azure resources can you specify as exclusions from Policy1? To answer, select the

appropriate options in the answer area.

NOTE: Each correct selection is worth one point."
T2-Q58;Gérer les identités et la gouvernance Azure;Fiche question/réponse du support;theme;Non;NO;NO;https://learn.microsoft.com/en-us/entra/identity/role-based-access-control/permissions-reference;"Note: This question is part of a series of questions that present the same scenario. Each question in the series contains a unique solution that

might meet the stated goals. Some question sets might have more than one correct solution, while others might not have a correct solution.

After you answer a question in this section, you will NOT be able to return to it. As a result, these questions will not appear in the review screen.

You have an Azure subscription that contains the following users in an Azure Active Directory tenant named contoso.onmicrosoft.com:

User1 creates a new Azure Active Directory tenant named external.contoso.onmicrosoft.com.

You need to create new user accounts in external.contoso.onmicrosoft.com.

Solution: You instruct User2 to create the user accounts.

Does that meet the goal?"
T2-Q59;Gérer les identités et la gouvernance Azure;Fiche question/réponse du support;theme;Non;No;No;https://learn.microsoft.com/en-us/entra/identity/role-based-access-control/permissions-reference;"Note: This question is part of a series of questions that present the same scenario. Each question in the series contains a unique solution that

might meet the stated goals. Some question sets might have more than one correct solution, while others might not have a correct solution.

After you answer a question in this section, you will NOT be able to return to it. As a result, these questions will not appear in the review screen.

You have an Azure subscription that contains the following users in an Azure Active Directory tenant named contoso.onmicrosoft.com:

User1 creates a new Azure Active Directory tenant named external.contoso.onmicrosoft.com.

You need to create new user accounts in external.contoso.onmicrosoft.com.

Solution: You instruct User4 to create the user accounts.

Does that meet the goal?"
T2-Q60;Gérer les identités et la gouvernance Azure;Fiche question/réponse du support;theme;Non;NO;NO;https://learn.microsoft.com/en-us/entra/identity/role-based-access-control/permissions-reference;"Note: This question is part of a series of questions that present the same scenario. Each question in the series contains a unique solution that

might meet the stated goals. Some question sets might have more than one correct solution, while others might not have a correct solution.

After you answer a question in this section, you will NOT be able to return to it. As a result, these questions will not appear in the review screen.

You have an Azure subscription that contains the following users in an Azure Active Directory tenant named contoso.onmicrosoft.com:

User1 creates a new Azure Active Directory tenant named external.contoso.onmicrosoft.com.

You need to create new user accounts in external.contoso.onmicrosoft.com.

Solution: You instruct User3 to create the user accounts.

Does that meet the goal?"
T2-Q61;Gérer les identités et la gouvernance Azure;Fiche question/réponse du support;theme;Non;"Select the custom role and add Sub1 and Sub2 to the assignable scopes. Remove RG1 from the
assignable scopes";"Select the custom role and add Sub1 and Sub2 to the assignable scopes. Remove RG1 from the
assignable scopes";https://learn.microsoft.com/en-us/azure/role-based-access-control/role-assignments-portal;"You have two Azure subscriptions named Sub1 and Sub2.

An administrator creates a custom role that has an assignable scope to a resource group named RG1 in Sub1.

You need to ensure that you can apply the custom role to any resource group in Sub1 and Sub2. The solution must minimize administrative effort.

What should you do?"
T2-Q62;Implémenter et gérer le stockage;Fiche question/réponse du support;theme;Non;"Upload blob data to storageacct1234.
View blob data in storageacct1234";"Upload blob data to storageacct1234.
View blob data in storageacct1234";https://learn.microsoft.com/en-us/azure/role-based-access-control/role-assignments-portal;"You have an Azure Subscription that contains a storage account named storageacct1234 and two users named User1 and User2.

You assign User1 the roles shown in the following exhibit.

Which two actions can User1 perform? Each correct answer presents a complete solution.

NOTE: Each correct selection is worth one point."
T2-Q63;Surveiller et maintenir les ressources Azure;Fiche question/réponse du support;theme;Non;"Event | search ""error""";"Event | search ""error""";https://learn.microsoft.com/en-us/azure/azure-monitor/logs/log-query-overview;"You have an Azure subscription named Subscription1 that contains an Azure Log Analytics workspace named Workspace1.

You need to view the error events from a table named Event.

Which query should you run in Workspace1?"
T2-Q64;Déployer et gérer les ressources de calcul Azure;Fiche question/réponse du support;theme;Non;Assign the Website Contributor role to the developers;Assign the Website Contributor role to the developers;https://learn.microsoft.com/en-us/azure/role-based-access-control/role-assignments-portal;"You have an Azure App Services web app named App1.

You plan to deploy App1 by using Web Deploy.

You need to ensure that the developers of App1 can use their Azure AD credentials to deploy content to App1. The solution must use the principle

of least privilege.

What should you do?"
T2-Q65;Gérer les identités et la gouvernance Azure;Fiche question/réponse du support;theme;Oui;Yes;Yes;https://learn.microsoft.com/fr-fr/entra/external-id/tutorial-bulk-invite;"Note: This question is part of a series of questions that present the same scenario. Each question in the series contains a unique solution that

might meet the stated goals. Some question sets might have more than one correct solution, while others might not have a correct solution.

After you answer a question in this section, you will NOT be able to return to it. As a result, these questions will not appear in the review screen.

You have an Azure Active Directory (Azure AD) tenant named contoso.com.

You have a CSV file that contains the names and email addresses of 500 external users.

You need to create a guest user account in contoso.com for each of the 500 external users.

Solution: From Azure AD in the Azure portal, you use the Bulk invite users operation.

Does this meet the goal?"
T2-Q66;Gérer les identités et la gouvernance Azure;Exercice avec correction comparée aux sources;scenario;Non;Base clonable pour le rôle Azure RBAC Role3 : Role1 and Azure built-in roles · Base clonable pour le rôle Entra Role4 : Role2 only;Base clonable pour le rôle Azure RBAC Role3 : Role1 and Azure built-in roles · Base clonable pour le rôle Entra Role4 : Role2 only;https://learn.microsoft.com/en-us/azure/role-based-access-control/custom-roles-portal | https://learn.microsoft.com/en-us/entra/identity/role-based-access-control/custom-create;"You have an Azure subscription that is linked to an Azure AD tenant. The tenant contains the custom role-based access control (RBAC) roles

shown in the following table.

From the Azure portal, you need to create two custom roles named Role3 and Role4. Role3 will be an Azure subscription role. Role4 will be an

Azure AD role.

Which roles can you clone to create the new roles? To answer, select the appropriate options in the answer area.

NOTE: Each correct selection is worth one point."
T2-Q67;Gérer les identités et la gouvernance Azure;Fiche question/réponse du support;theme;Non;READER + DATA ACCESS;READER + DATA ACCESS;https://learn.microsoft.com/en-us/azure/role-based-access-control/role-assignments-portal;"You have an Azure subscription named Sub1 that contains two users named User1 and User2.

You need to assign role-based access control (RBAC) roles to User1 and User2. The users must be able to perform the following tasks in Sub1:

• User1 must view the data in any storage account.

• User2 must assign users the Contributor role for storage accounts.

The solution must use the principle of least privilege.

Which RBAC role should you assign to each user? To answer, drag the appropriate roles to the correct users. Each role may be used once, more

than once, or not at all. You may need to drag the split bar between panes or scroll to view content.

NOTE: Each correct selection is worth one point."
T2-Q68;Implémenter et gérer les réseaux virtuels;Fiche question/réponse du support;theme;Non;Service Tag;Service Tag;https://learn.microsoft.com/en-us/azure/virtual-network/network-security-groups-overview;"You have an Azure subscription that contains 10 virtual machines, a key vault named Vault1, and a network security group (NSG) named NSG1. All

the resources are deployed to the East US Azure region.

The virtual machines are protected by using NSG1. NSG1 is configured to block all outbound traffic to the internet.

You need to ensure that the virtual machines can access Vault1. The solution must use the principle of least privilege and minimize administrative

effort

What should you configure as the destination of the outbound security rule for NSG1?"
T2-Q69;Gérer les identités et la gouvernance Azure;Fiche question/réponse du support;theme;Non;User 1 and User 4 Only;User 1 and User 4 Only;https://learn.microsoft.com/en-us/entra/identity/role-based-access-control/permissions-reference;"You have an Azure AD tenant named adatum.com that contains the groups shown in the following table.

Adatum.com contains the users shown in the following table.

You assign the Azure Active Directory Premium Plan 2 license to Group1 and User4.

Which users are assigned the Azure Active Directory Premium Plan 2 license?"
T2-Q70;Gérer les identités et la gouvernance Azure;Fiche question/réponse du support;theme;Non;n/y/y;n/y/y;https://learn.microsoft.com/en-us/entra/identity/role-based-access-control/permissions-reference;"You have an Azure AD tenant named contoso.com.

You have two external partner organizations named fabrikam.com and litwareinc.com. Fabrikam.com is configured as a connected organization.

You create an access package as shown in the Access package exhibit. (Click the Access package tab.)

You configure the external user lifecycle settings as shown in the Lifecycle exhibit. (Click the Lifecycle tab.)

For each of the following statements, select Yes if the statement is true. Otherwise, select No.

NOTE: Each correct selection is worth one point."
T2-Q71;Gérer les identités et la gouvernance Azure;Fiche question/réponse du support;theme;Non;Assign User1 the Owner role for VNet1.;Assign User1 the Owner role for VNet1.;https://learn.microsoft.com/en-us/azure/role-based-access-control/built-in-roles;"You have an Azure subscription named Subscription1 that contains a virtual network named VNet1. VNet1 is in a resource group named RG1.

Subscription1 has a user named User1. User1 has the following roles:

• Reader

• Security Admin

• Security Reader

You need to ensure that User1 can assign the Reader role for VNet1 to other users.

What should you do?"
T2-Q72;Gérer les identités et la gouvernance Azure;Fiche question/réponse du support;theme;Non;No / NO / YES;No / NO / YES;https://learn.microsoft.com/en-us/azure/role-based-access-control/role-assignments-portal;"You have an Azure subscription that contains the users shown in the following table.

The groups are configured as shown in the following table.

You have a resource group named RG1 as shown in the following exhibit.

For each of the following statements, select Yes if the statement is true. Otherwise, select No.

NOTE: Each correct selection is worth one point."
T2-Q73;Gérer les identités et la gouvernance Azure;Fiche question/réponse du support;theme;Non;Assign User1 the Owner role for VNet1.;Assign User1 the Owner role for VNet1.;https://learn.microsoft.com/en-us/azure/role-based-access-control/built-in-roles;"You have an Azure subscription named Subscription1 that contains a virtual network named VNet1. VNet1 is in a resource group named RG1.

Subscription1 has a user named User1. User1 has the following roles:

• Reader

• Security Admin

• Security Reader

You need to ensure that User1 can assign the Reader role for VNet1 to other users.

What should you do?"
T2-Q74;Déployer et gérer les ressources de calcul Azure;Exercice avec correction comparée aux sources;scenario;Non;private endpoints;private endpoints;https://learn.microsoft.com/en-us/azure/storage/common/storage-private-endpoints;VM1 est dans un réseau local relié par VPN à VNet1. Il faut accéder au compte Storage par une adresse IP privée de VNet1 sans utiliser le point de terminaison public. Quel composant créer ?
T2-Q75;Gérer les identités et la gouvernance Azure;Fiche question/réponse du support;theme;Non;YES / NO / YES;YES / NO / YES;https://learn.microsoft.com/en-us/azure/role-based-access-control/role-assignments-portal;"You have an Azure subscription that contains a user named User1 and the resources shown in the following table.

NSG1 is associated to networkinterface1.

User1 has role assignments for NSG1 as shown in the following table.

For each of the following statements, select Yes if the statement is true. Otherwise, select No.

NOTE: Each correct selection is worth one point."
T2-Q76;Gérer les identités et la gouvernance Azure;Exercice avec correction comparée aux sources;scenario;Non;Assign User1 the Access Administrator role for VNet1.;Assign User1 the Access Administrator role for VNet1.;https://learn.microsoft.com/en-us/azure/role-based-access-control/built-in-roles;"You have an Azure subscription named Subscription1 that contains a virtual network named VNet1. VNet1 is in a resource group named RG1.

Subscription1 has a user named User1. User1 has the following roles:

• Reader

• Security Admin

• Security Reader

You need to ensure that User1 can assign the Reader role for VNet1 to other users.

What should you do?"
T2-Q77;Gérer les identités et la gouvernance Azure;Fiche question/réponse du support;theme;Non;Yes / yes / No;Yes / yes / No;https://learn.microsoft.com/en-us/azure/role-based-access-control/role-assignments-portal;"You have three Azure subscriptions named Sub1, Sub2, and Sub3 that are linked to an Azure AD tenant.

The tenant contains a user named User1, a security group named Group1, and a management group named MG1. User is a member of Group1.

Sub1 and Sub2 are members of MG1. Sub1 contains a resource group named RG1. RG1 contains five Azure functions.

You create the following role assignments for MG1:

• Group1: Reader

• User1: User Access Administrator

You assign User the Virtual Machine Contributor role for Sub1 and Sub2."
T2-Q78;Gérer les identités et la gouvernance Azure;Fiche question/réponse du support;theme;Oui;Enable identity-based data access for the file shares in storage1.;Enable identity-based data access for the file shares in storage1.;https://learn.microsoft.com/fr-fr/azure/storage/files/storage-files-active-directory-overview;"You have an Azure subscription that contains the resources shown in the following table.

You need to assign User1 the Storage File Data SMB Share Contributor role for share1.

What should you do first?"
T2-Q79;Gérer les identités et la gouvernance Azure;Fiche question/réponse du support;theme;Non;Assign User1 the User Access Administrator role for VNet1.;Assign User1 the User Access Administrator role for VNet1.;https://learn.microsoft.com/en-us/azure/role-based-access-control/built-in-roles;"You have an Azure subscription named Subscription1 that contains a virtual network named VNet1. VNet1 is in a resource group named RG1.

Subscription1 has a user named User1. User1 has the following roles:

• Reader

• Security Admin

• Security Reader

You need to ensure that User1 can assign the Reader role for VNet1 to other users.

What should you do?"
T2-Q80;Gérer les identités et la gouvernance Azure;Fiche question/réponse du support;theme;Non;YES / YES / NO;YES / YES / NO;https://learn.microsoft.com/en-us/entra/identity/role-based-access-control/permissions-reference;"You have an Azure AD tenant named adatum.com that contains the groups shown in the following table.

Adatum.com contains the users shown in the following table.

You assign an Azure Active Directory Premium P2 license to Group1 as shown in the following exhibit.

Group2 is NOT directly assigned a license.

For each of the following statements, select Yes if the statement is true. Otherwise, select No.

NOTE: Each correct selection is worth one point."
T2-Q81;Gérer les identités et la gouvernance Azure;Fiche question/réponse du support;theme;Non;User 1 & User 3 / User 1 , 2 & 3;User 1 & User 3 / User 1 , 2 & 3;https://learn.microsoft.com/en-us/entra/identity/role-based-access-control/permissions-reference;"You have a hybrid deployment of Azure Active Directory (Azure AD) that contains the users shown in the following table.

You need to modify the JobTitle and UsageLocation attributes for the users.

For which users can you modify the attributes from Azure AD? To answer, select the appropriate options in the answer area.

NOTE: Each correct selection is worth one point."
T2-Q82;Gérer les identités et la gouvernance Azure;Fiche question/réponse du support;theme;Non;NO;NO;https://learn.microsoft.com/en-us/entra/identity/role-based-access-control/permissions-reference;"Note: This question is part of a series of questions that present the same scenario. Each question in the series contains a unique solution that

might meet the stated goals. Some question sets might have more than one correct solution, while others might not have a correct solution.

After you answer a question in this section, you will NOT be able to return to it. As a result, these questions will not appear in the review screen.

You have an Azure Active Directory (Azure AD) tenant named contoso.com.

You have a CSV file that contains the names and email addresses of 500 external users.

You need to create a guest user account in contoso.com for each of the 500 external users.

Solution: You create a PowerShell script that runs the New-MgUser cmdlet for each external user.

Does this meet the goal?"
T2-Q83;Gérer les identités et la gouvernance Azure;Fiche question/réponse du support;theme;Non;YES ( IF WE HARDCODE THE REDIRECTION URL IN PWSH );YES ( IF WE HARDCODE THE REDIRECTION URL IN PWSH );https://learn.microsoft.com/en-us/entra/identity/role-based-access-control/permissions-reference;"Note: This question is part of a series of questions that present the same scenario. Each question in the series contains a unique solution that

might meet the stated goals. Some question sets might have more than one correct solution, while others might not have a correct solution.

After you answer a question in this section, you will NOT be able to return to it. As a result, these questions will not appear in the review screen.

You have an Azure Active Directory (Azure AD) tenant named contoso.com.

You have a CSV file that contains the names and email addresses of 500 external users.

You need to create a guest user account in contoso.com for each of the 500 external users.

Solution: You create a PowerShell script that runs the New-MgInvitation cmdlet for each external user.

Does this meet the goal?"
T2-Q84;Gérer les identités et la gouvernance Azure;Exercice avec correction comparée aux sources;scenario;Non;Assign User1 the User Access Administrator role for VNet1.;Assign User1 the User Access Administrator role for VNet1.;https://learn.microsoft.com/en-us/azure/role-based-access-control/built-in-roles;"You have an Azure subscription named Subscription1 that contains virtual network named VNet1. VNet1 is in a resource group named RG1.

A user named User1 has the following roles for Subscription1:

• Reader

• Security Admin

• Security Reader

You need to ensure that User1 can assign the Reader role for VNet1 to other users.

What should you do?"
T2-Q85;Gérer les identités et la gouvernance Azure;Exercice avec correction comparée aux sources;scenario;Non;Assign User1 the User Access Administrator role for VNet1.;Assign User1 the User Access Administrator role for VNet1.;https://learn.microsoft.com/en-us/azure/role-based-access-control/built-in-roles;"You have an Azure subscription named Subscription1 that contains virtual network named VNet1. VNet1 is in a resource group named RG1.

User named User1 has the following roles for Subscription1:

• Reader

• Security Admin

• Security Reader

You need to ensure that User1 can assign the Reader role for VNet1 to other users.

What should you do?"
T2-Q86;Implémenter et gérer le stockage;Fiche question/réponse du support;theme;Non;Azure AD and shared access signatures (SAS) / Shared access signatures (SAS) only;Azure AD and shared access signatures (SAS) / Shared access signatures (SAS) only;https://learn.microsoft.com/en-us/azure/storage/common/storage-account-overview;"You have an Azure Storage account named storage1 that uses Azure Blob storage and Azure File storage.

You need to use AzCopy to copy data to the blob storage and file storage in storage1.

Which authentication method should you use for each type of storage? To answer, select the appropriate options in the answer area.

NOTE: Each correct selection is worth one point."
T2-Q87;Gérer les identités et la gouvernance Azure;Fiche question/réponse du support;theme;Non;IDENTITIES / B2B COLLABORATION;IDENTITIES / B2B COLLABORATION;https://learn.microsoft.com/en-us/entra/identity/role-based-access-control/permissions-reference;"You have an Azure AD tenant that contains a user named External User.

External User authenticates to the tenant by using external195@gmail.com.

You need to ensure that External User authenticates to the tenant by using contractor@gmail.com.

Which two settings should you configure from the Overview blade? To answer, select the appropriate settings in the answer area.

NOTE: Each correct answer is worth one point."
T2-Q88;Implémenter et gérer le stockage;Fiche question/réponse du support;theme;Non;Storage Blob Data Contributor;Storage Blob Data Contributor;https://learn.microsoft.com/en-us/azure/role-based-access-control/role-assignments-portal;"You have an Azure subscription that contains the resources shown in the following table.

You need to assign Workspace1 a role to allow read, write, and delete operations for the data stored in the containers of storage1.

Which role should you assign?"
T2-Q89;Gérer les identités et la gouvernance Azure;Fiche question/réponse du support;theme;Non;Assign User1 the Owner role for VNet1.;Assign User1 the Owner role for VNet1.;https://learn.microsoft.com/en-us/azure/role-based-access-control/built-in-roles;"You have an Azure subscription named Subscription1 that contains virtual network named VNet1. VNet1 is in a resource group named RG1.

A user named User1 has the following roles for Subscription1:

• Reader

• Security Admin

• Security Reader

You need to ensure that User1 can assign the Reader role for VNet1 to other users.

What should you do?"
T2-Q90;Gérer les identités et la gouvernance Azure;Fiche question/réponse du support;theme;Oui;Group1, Group2, Group3, and Group4;Group1, Group2, Group3, and Group4;https://learn.microsoft.com/en-us/entra/identity/users/licensing-admin-center;"You have an Azure AD tenant that contains the groups shown in the following table.

You purchase Azure Active Directory Premium P2 licenses.

To which groups can you assign a license?"
T2-Q91;Gérer les identités et la gouvernance Azure;Fiche question/réponse du support;theme;Non;user.department / and / -eq;user.department / and / -eq;https://learn.microsoft.com/en-us/entra/identity/role-based-access-control/permissions-reference;"You have an Azure AD tenant.

You need to create a Microsoft 365 group that contains only members of a marketing department in France.

How should you complete the dynamic membership rule? To answer, select the appropriate options in the answer area.

NOTE: Each correct answer is worth one point."
T2-Q92;Gérer les identités et la gouvernance Azure;Fiche question/réponse du support;theme;Non;User Can register the application = no /// Restrict access to azure ad dministrative portal = yes;User Can register the application = no /// Restrict access to azure ad dministrative portal = yes;https://learn.microsoft.com/en-us/azure/role-based-access-control/role-assignments-portal;"You have an Azure AD tenant.

You need to modify the Default user role permissions settings for the tenant. The solution must meet the following requirements:

• Standard users must be prevented from creating new service principals.

• Standard users must only be able to use PowerShell or Microsoft Graph to manage their own Azure resources.

Which two settings should you modify? To answer, select the appropriate settings in the answer area.

NOTE: Each correct answer is worth one point."
T2-Q93;Gérer les identités et la gouvernance Azure;Fiche question/réponse du support;theme;Non;No / No / YES;No / No / YES;https://learn.microsoft.com/en-us/azure/role-based-access-control/role-assignments-portal;"You have an Azure subscription named Sub1 that contains the blob containers shown in the following table.

Sub1 contains two users named User1 and User2. Both users are assigned the Reader role at the Sub1 scope.

You have a condition named Condition1 as shown in the following exhibit.

You have a condition named Condition2 as shown in the following exhibit.

You assign roles to User1 and User2 as shown in the following table.

For each of the following statements, select Yes if the statement is true. Otherwise, select No.

NOTE: Each correct selection is worth one point."
T2-Q94;Gérer les identités et la gouvernance Azure;Fiche question/réponse du support;theme;Non;NO;NO;https://learn.microsoft.com/en-us/entra/identity/role-based-access-control/permissions-reference;"Note: This question is part of a series of questions that present the same scenario. Each question in the series contains a unique solution that

might meet the stated goals. Some question sets might have more than one correct solution, while others might not have a correct solution.

After you answer a question in this section, you will NOT be able to return to it. As a result, these questions will not appear in the review screen.

You have an Azure Active Directory (Azure AD) tenant named contoso.com.

You have a CSV file that contains the names and email addresses of 500 external users.

You need to create a guest user account in contoso.com for each of the 500 external users.

Solution: You create a PowerShell script that runs the New-MgUser cmdlet for each user.

Does this meet the goal?"
T2-Q95;Gérer les identités et la gouvernance Azure;Fiche question/réponse du support;theme;Non;No;No;https://learn.microsoft.com/en-us/azure/azure-resource-manager/templates/deployment-modes;"You purchase a new Azure subscription.

You create an Azure Resource Manager (ARM) template named deploy.json as shown in the following exhibit.

You connect to the subscription and run the following command.

New-AzDeployment –Location westus –TemplateFile “deploy.json”

For each of the following statements, select Yes if the statement is true. Otherwise, select No.

NOTE: Each correct selection is worth one point."
T2-Q96;Déployer et gérer les ressources de calcul Azure;Exercice avec correction comparée aux sources;scenario;Non;private endpoints;private endpoints;https://learn.microsoft.com/en-us/azure/storage/common/storage-private-endpoints;"Your on-premises network contains a VPN gateway.

You have an Azure subscription that contains the resources shown in the following table.

You need to ensure that all the traffic from VM1 to storage1 travels across the Microsoft backbone network.

What should you configure?"
T2-Q97;Déployer et gérer les ressources de calcul Azure;Exercice avec correction comparée aux sources;scenario;Non;service endpoints;service endpoints;https://learn.microsoft.com/en-us/azure/virtual-network/virtual-network-service-endpoints-overview;VM1 est dans le sous-réseau Subnet1 de VNet1. Elle doit joindre Azure Storage via le réseau Microsoft, en gardant le point de terminaison public et en limitant le compte au sous-réseau. Que configurer ?
T2-Q98;Déployer et gérer les ressources de calcul Azure;Fiche question/réponse du support;theme;Non;service endpoints;service endpoints;https://learn.microsoft.com/en-us/azure/virtual-network/virtual-network-service-endpoints-overview;"Your on-premises network contains a VPN gateway.

You have an Azure subscription that contains the resources shown in the following table.

You need to ensure that all the traffic from VM1 to storage1 travels across the Microsoft backbone network.

What should you configure?"
T2-Q99;Gérer les identités et la gouvernance Azure;Fiche question/réponse du support;theme;Non;En 2026 : aucune souscription ne permet d’ajouter un nouvel administrateur classique. Attribuer plutôt à Admin1 un rôle Azure RBAC au niveau de Sub1.;Sub1;https://learn.microsoft.com/en-us/azure/role-based-access-control/classic-administrators;"You have an Azure subscription named Sub1 that contains the resources shown in the following table.

You create a user named Admin1.

To what can you add Admin1 as a co-administrator?"
T2-Q100;Gérer les identités et la gouvernance Azure;Exercice avec correction comparée aux sources;scenario;Non;Utilisateurs pouvant être supprimés : User1, User2, User3, and User4 · Groupes pouvant être supprimés : Group1, Group2, Group3, and Group4;Utilisateurs pouvant être supprimés : User1, User2, User3, and User4 · Groupes pouvant être supprimés : Group1, Group2, Group3, and Group4;https://learn.microsoft.com/en-us/powershell/module/microsoft.graph.users/remove-mguser?view=graph-powershell-1.0 | https://learn.microsoft.com/en-us/powershell/module/microsoft.entra.groups/remove-entragroup?view=entra-powershell;"You have a Microsoft Entra tenant that contains the groups shown in the following table.

The tenant contains the users shown in the following table.

Which users and groups can you delete? To answer, select the appropriate options in the answer area.

NOTE: Each correct selection is worth one point."
T2-Q101;Déployer et gérer les ressources de calcul Azure;Exercice avec correction comparée aux sources;scenario;Non;a private endpoint;a private endpoint;https://learn.microsoft.com/en-us/azure/storage/common/storage-private-endpoints;"You have an Azure subscription that contains the resources shown in the following table.

You need to ensure that data transfers between storage1 and VM1 do NOT traverse the internet

What should you configure for storage1?"
T3-Q1;Implémenter et gérer le stockage;Fiche question/réponse du support;theme;Non;Storage 4 - Blob Storage;Storage 4 - Blob Storage;https://learn.microsoft.com/en-us/azure/storage/common/storage-account-overview;"You have an Azure subscription named Subscription1 that contains the storage accounts shown in the following table:

You plan to use the Azure Import/Export service to export data from Subscription1.

You need to identify which storage account can be used to export the data.

What should you identify?"
T3-Q2;Implémenter et gérer le stockage;Fiche question/réponse du support;theme;Non;"You can use ___ for azure table storge -- General Purpose V1 ( storge ) & General Purpose V2 (
GPV2 )
You can use ___ for azure blobe storge -- General Purpose V2 ( GPV2 ) & Blob Account";"You can use ___ for azure table storge -- General Purpose V1 ( storge ) & General Purpose V2 (
GPV2 )
You can use ___ for azure blobe storge -- General Purpose V2 ( GPV2 ) & Blob Account";https://learn.microsoft.com/en-us/azure/storage/common/storage-account-overview;"You have Azure Storage accounts as shown in the following exhibit.

Use the drop-down menus to select the answer choice that completes each statement based on the information presented in the graphic.

NOTE: Each correct selection is worth one point."
T3-Q3;Implémenter et gérer le stockage;Fiche question/réponse du support;theme;Non;Container 1;Container 1;https://learn.microsoft.com/en-us/azure/storage/common/storage-account-overview;"You have Azure subscription that includes data in following locations:

You plan to export data by using Azure import/export job named Export1.

You need to identify the data that can be exported by using Export1.

Which data should you identify?"
T3-Q4;Déployer et gérer les ressources de calcul Azure;Exercice avec correction comparée aux sources;scenario;Non;App1 avec identité managée et accès permanent aux blobs : Access control (IAM) · App2 avec lecture des blobs limitée à 30 jours : Shared access signatures (SAS);App1 avec identité managée et accès permanent aux blobs : Access control (IAM) · App2 avec lecture des blobs limitée à 30 jours : Shared access signatures (SAS);https://learn.microsoft.com/en-us/azure/role-based-access-control/built-in-roles | https://learn.microsoft.com/en-us/rest/api/storageservices/create-service-sas;"You have an Azure Storage account named storage1.

You have an Azure App Service app named App1 and an app named App2 that runs in an Azure container instance. Each app uses a managed

identity.

You need to ensure that App1 and App2 can read blobs from storage1. The solution must meet the following requirements:

✑ Minimize the number of secrets used.
✑ Ensure that App2 can only read from storage1 for the next 30 days.
What should you configure in storage1 for each app? To answer, select the appropriate options in the answer area.

NOTE: Each correct selection is worth one point."
T3-Q5;Implémenter et gérer le stockage;Exercice avec correction comparée aux sources;scenario;Non;Valeur --kind : StorageV2 · Valeur --sku : Standard_GRS;Valeur --kind : StorageV2 · Valeur --sku : Standard_GRS;https://learn.microsoft.com/en-us/azure/storage/common/storage-account-overview | https://learn.microsoft.com/en-us/azure/storage/common/storage-redundancy | https://learn.microsoft.com/en-us/azure/storage/blobs/access-tiers-overview;Quelle combinaison --kind et --sku pour az storage account create permet Hot, Cool, Archive et une copie dans une autre région, sans exiger de lecture depuis cette copie ?
T3-Q6;Implémenter et gérer le stockage;Fiche question/réponse du support;theme;Non;"INSTALL AZURE SYNC AGENT ON SERVER1 || REGISTER SERVER 1 || CREATE A SYNC G
ROUP";"INSTALL AZURE SYNC AGENT ON SERVER1 || REGISTER SERVER 1 || CREATE A SYNC G
ROUP";https://learn.microsoft.com/fr-fr/azure/storage/files/storage-files-active-directory-overview;"You have an Azure subscription that contains the resources in the following table.

Store1 contains a file share named data. Data contains 5,000 files.

You need to synchronize the files in the file share named data to an on-premises server named Server1.

Which three actions should you perform? Each correct answer presents part of the solution.

NOTE: Each correct selection is worth one point."
T3-Q7;Gérer les identités et la gouvernance Azure;Fiche question/réponse du support;theme;Non;No / No / YES;No / No / YES;https://learn.microsoft.com/en-us/azure/governance/policy/concepts/compliance-states;"You have an Azure subscription that contains the resources shown in the following table.

The status of VM1 is Running.

You assign an Azure policy as shown in the exhibit. (Click the Exhibit tab.)

You assign the policy by using the following parameters:

Microsoft.ClassicNetwork/virtualNetworks

Microsoft.Network/virtualNetworks

Microsoft.Compute/virtualMachines

For each of the following statements, select Yes if the statement is true. Otherwise, select No.

NOTE: Each correct selection is worth one point."
T3-Q8;Implémenter et gérer le stockage;Fiche question/réponse du support;theme;Non;"i ) attach disk and run the waimportexport.exe || from portal update the import job || detach the di
sk and ship the disk to azure || update the import job";"i ) attach disk and run the waimportexport.exe || from portal update the import job || detach the di
sk and ship the disk to azure || update the import job";https://learn.microsoft.com/en-us/azure/storage/common/storage-account-overview;"You have an Azure subscription that contains a storage account.

You have an on-premises server named Server1 that runs Windows Server 2016. Server1 has 2 TB of data.

You need to transfer the data to the storage account by using the Azure Import/Export service.

In which order should you perform the actions? To answer, move all actions from the list of actions to the answer area and arrange them in the

correct order.

NOTE: More than one order of answer choices is correct. You will receive credit for any of the correct orders you select."
T3-Q9;Implémenter et gérer le stockage;Fiche question/réponse du support;theme;Non;"No / No / YES
A sync group contains one cloud endpoint, or Azure file share, and at least one server endpoint. || Azure
File Sync does not support more than one server endpoint from the same server in the same Sync Group.
|| Multiple server endpoints can exist on the same volume if their namespaces are not overlapping (for ex
ample, F:\sync1 and F:\sync2) and each endpoint is syncing to a unique sync group.";"No / No / YES
A sync group contains one cloud endpoint, or Azure file share, and at least one server endpoint. || Azure
File Sync does not support more than one server endpoint from the same server in the same Sync Group.
|| Multiple server endpoints can exist on the same volume if their namespaces are not overlapping (for ex
ample, F:\sync1 and F:\sync2) and each endpoint is syncing to a unique sync group.";https://learn.microsoft.com/en-us/azure/storage/file-sync/;"You have Azure subscription that includes following Azure file shares:

You have the following on-premises servers:

You create a Storage Sync Service named Sync1 and an Azure File Sync group named Group1. Group1 uses share1 as a cloud endpoint.

You register Server1 and Server2 in Sync1. You add D:\Folder1 on Server1 as a server endpoint of Group1.

For each of the following statements, select Yes if the statement is true. Otherwise, select No.

NOTE: Each correct selection is worth one point."
T3-Q10;Implémenter et gérer le stockage;Exercice avec correction comparée aux sources;scenario;Non;Chemin UNC du partage Data : \\contosostorage.file.core.windows.net\Data;Chemin UNC du partage Data : \\contosostorage.file.core.windows.net\Data;https://learn.microsoft.com/en-us/azure/storage/files/storage-how-to-use-files-windows;Quel chemin UNC utiliser pour monter le partage Azure Files Data du compte contosostorage ?
T3-Q11;Déployer et gérer les ressources de calcul Azure;Fiche question/réponse du support;theme;Non;make / blob;make / blob;https://learn.microsoft.com/en-us/azure/storage/common/storage-account-overview;"You have an Azure subscription that contains an Azure Storage account.

You plan to copy an on-premises virtual machine image to a container named vmimages.

You need to create the container for the planned image.

Which command should you run? To answer, select the appropriate options in the answer area.

NOTE: Each correct selection is worth one point."
T3-Q12;Gérer les identités et la gouvernance Azure;Fiche question/réponse du support;theme;Non;"FILE1-> Endpoint1 Only
FILE2-> Endpoint1 , 2 & 3";"FILE1-> Endpoint1 Only
FILE2-> Endpoint1 , 2 & 3";https://learn.microsoft.com/en-us/azure/storage/file-sync/;"You have an Azure File sync group that has the endpoints shown in the following table.

Cloud tiering is enabled for Endpoint3.

You add a file named File1 to Endpoint1 and a file named File2 to Endpoint2.

On which endpoints will File1 and File2 be available within 24 hours of adding the files? To answer, select the appropriate options in the answer

area.

NOTE: Each correct selection is worth one point."
T3-Q13;Implémenter et gérer les réseaux virtuels;Fiche question/réponse du support;theme;Non;NEVER / NEVER;NEVER / NEVER;https://learn.microsoft.com/en-us/azure/storage/common/storage-account-overview;"You have several Azure virtual machines on a virtual network named VNet1.

You configure an Azure Storage account as shown in the following exhibit.

Use the drop-down menus to select the answer choice that completes each statement based on the information presented in the graphic.

NOTE: Each correct selection is worth one point."
T3-Q14;Gérer les identités et la gouvernance Azure;Fiche question/réponse du support;theme;Non;No / No / YES;No / No / YES;https://learn.microsoft.com/en-us/azure/storage/file-sync/file-sync-deployment-guide;"You have a sync group named Sync1 that has a cloud endpoint. The cloud endpoint includes a file named File1.txt.

Your on-premises network contains servers that run Windows Server 2016. The servers are configured as shown in the following table.

You add Share1 as an endpoint for Sync1. One hour later, you add Share2 as an endpoint for Sync1.

For each of the following statements, select Yes if the statement is true. Otherwise, select No.

NOTE: Each correct selection is worth one point."
T3-Q15;Implémenter et gérer le stockage;Fiche question/réponse du support;theme;Non;storage2;storage2;https://learn.microsoft.com/en-us/azure/storage/common/storage-account-overview;"You have an Azure subscription that contains the storage accounts shown in the following table.

You need to identify which storage account can be converted to zone-redundant storage (ZRS) replication by requesting a live migration from

Azure support.

What should you identify?"
T3-Q16;Implémenter et gérer les réseaux virtuels;Fiche question/réponse du support;theme;Non;"From the Networking blade of account1, select Selected networks.
From the Service endpoints blade of VNet1, add a service endpoint.";"From the Networking blade of account1, select Selected networks.
From the Service endpoints blade of VNet1, add a service endpoint.";https://learn.microsoft.com/en-us/azure/virtual-network/virtual-network-service-endpoints-overview;"You have an Azure subscription that contains a storage account named account1.

You plan to upload the disk files of a virtual machine to account1 from your on-premises network. The on-premises network uses a public IP

address space of

131.107.1.0/24.

You plan to use the disk files to provision an Azure virtual machine named VM1. VM1 will be attached to a virtual network named VNet1. VNet1

uses an IP address space of 192.168.0.0/24.

You need to configure account1 to meet the following requirements:

✑ Ensure that you can upload the disk files to account1.
✑ Ensure that you can attach the disks to VM1.
✑ Prevent all other access to account1.
Which two actions should you perform? Each correct answer presents part of the solution.

NOTE: Each correct selection is worth one point."
T3-Q17;Implémenter et gérer le stockage;Exercice avec correction comparée aux sources;scenario;Non;Étape 1 : Install Azure File Sync agent on Server1 · Étape 2 : Register Server1 in Storage Sync Service · Étape 3 : Add a server endpoint to the sync group;Étape 1 : Install Azure File Sync agent on Server1 · Étape 2 : Register Server1 in Storage Sync Service · Étape 3 : Add a server endpoint to the sync group;https://learn.microsoft.com/en-us/azure/storage/file-sync/file-sync-deployment-guide;Un Storage Sync Service et un sync group avec Azure file share existent déjà. Dans quel ordre raccorder Server1 à Azure File Sync ?
T3-Q18;Implémenter et gérer le stockage;Fiche question/réponse du support;theme;Non;REPLICATION: ZRS || Account type: Storage V2;REPLICATION: ZRS || Account type: Storage V2;https://learn.microsoft.com/en-us/azure/storage/common/storage-account-overview;"You plan to create an Azure Storage account in the Azure region of East US 2.

You need to create a storage account that meets the following requirements:

✑ Replicates synchronously.
✑ Remains available if a single data center in the region fails.
How should you configure the storage account? To answer, select the appropriate options in the answer area.

NOTE: Each correct selection is worth one point."
T3-Q19;Implémenter et gérer le stockage;Exercice avec correction comparée aux sources;scenario;Non;a dataset CSV file + a driveset CSV file;a dataset CSV file || a driveset CSV file;https://learn.microsoft.com/en-us/azure/import-export/storage-import-export-service;"You plan to use the Azure Import/Export service to copy files to a storage account.

Which two files should you create before you prepare the drives for the import job? Each correct answer presents part of the solution.

NOTE: Each correct selection is worth one point."
T3-Q20;Déployer et gérer les ressources de calcul Azure;Fiche question/réponse du support;theme;Non;From the Recovery Service vault, stop the backup of each backup item;From the Recovery Service vault, stop the backup of each backup item;https://learn.microsoft.com/en-us/azure/backup/backup-azure-arm-restore-vms;"You have a Recovery Service vault that you use to test backups. The test backups contain two protected virtual machines.

You need to delete the Recovery Services vault.

What should you do first?"
T3-Q21;Implémenter et gérer le stockage;Fiche question/réponse du support;theme;Non;"Can Use Vault1 For Backup -> VM1 ONLY
Can Use Vault2 For Backup -> SHARE1 ONLY";"Can Use Vault1 For Backup -> VM1 ONLY
Can Use Vault2 For Backup -> SHARE1 ONLY";https://learn.microsoft.com/fr-fr/azure/storage/files/storage-files-active-directory-overview;"You have an Azure subscription named Subscription1 that contains the resources shown in the following table.

In storage1, you create a blob container named blob1 and a file share named share1.

Which resources can be backed up to Vault1 and Vault2? To answer, select the appropriate options in the answer area.

NOTE: Each correct selection is worth one point."
T3-Q22;Implémenter et gérer le stockage;Exercice avec correction comparée aux sources;scenario;Non;Azure Blob Storage et Azure Files;Azure Blob Storage et Azure Files;https://learn.microsoft.com/en-us/azure/import-export/storage-import-export-service;Pour un job Azure Import/Export qui expédie des disques physiques au centre de données Microsoft, quelles destinations Azure Storage sont prises en charge pour une importation ?
T3-Q23;Implémenter et gérer le stockage;Exercice avec correction comparée aux sources;scenario;Non;Copies d’un compte LRS : 3 · Paramètre pour diminuer le coût des blobs rarement lus : Access tier (default);Copies d’un compte LRS : 3 · Paramètre pour diminuer le coût des blobs rarement lus : Access tier (default);https://learn.microsoft.com/en-us/azure/storage/common/storage-redundancy | https://learn.microsoft.com/en-us/azure/storage/blobs/access-tiers-overview;Pour un compte StorageV2 Standard LRS avec niveau Hot par défaut, combien de copies LRS et quel paramètre changer pour stocker moins cher des blobs rarement lus ?
T3-Q24;Implémenter et gérer le stockage;Exercice avec correction comparée aux sources;scenario;Non;blob and file only;blob and file only;https://learn.microsoft.com/en-us/azure/storage/common/storage-use-azcopy-v10;"You have an Azure Storage account named storage1.

You plan to use AzCopy to copy data to storage1.

You need to identify the storage services in storage1 to which you can copy the data.

Which storage services should you identify?"
T3-Q25;Implémenter et gérer le stockage;Fiche question/réponse du support;theme;Non;"BLOB : AD & SAS
FILES : SAS";"BLOB : AD & SAS
FILES : SAS";https://learn.microsoft.com/en-us/azure/storage/common/storage-account-overview;"You have an Azure Storage account named storage1 that uses Azure Blob storage and Azure File storage.

You need to use AzCopy to copy data to the blob storage and file storage in storage1.

Which authentication method should you use for each type of storage? To answer, select the appropriate options in the answer area.

NOTE: Each correct selection is worth one point."
T3-Q26;Implémenter et gérer le stockage;Exercice avec correction comparée aux sources;scenario;Non;Azure Files;Azure Files;https://learn.microsoft.com/en-us/azure/container-instances/container-instances-volume-azure-files;"You have an Azure subscription that contains an Azure Storage account.

You plan to create an Azure container instance named container1 that will use a Docker image named Image1. Image1 contains a Microsoft SQL

Server instance that requires persistent storage.

You need to configure a storage service for Container1.

What should you use?"
T3-Q27;Déployer et gérer les ressources de calcul Azure;Exercice avec correction comparée aux sources;scenario;Non;two update domains;two update domains;https://learn.microsoft.com/en-us/azure/virtual-machines/availability-set-overview;"You have an app named App1 that runs on two Azure virtual machines named VM1 and VM2.

You plan to implement an Azure Availability Set for App1. The solution must ensure that App1 is available during planned maintenance of the

hardware hosting

VM1 and VM2.

What should you include in the Availability Set?"
T3-Q28;Implémenter et gérer le stockage;Exercice avec correction comparée aux sources;scenario;Non;Azure Blob storage;Azure Blob storage;https://learn.microsoft.com/en-us/azure/import-export/storage-import-export-service;"You have an Azure subscription named Subscription1.

You have 5 TB of data that you need to transfer to Subscription1.

You plan to use an Azure Import/Export job.

What can you use as the destination of the imported data?"
T3-Q29;Implémenter et gérer le stockage;Exercice avec correction comparée aux sources;scenario;Non;Étape 1 : Create a Storage Sync Service · Étape 2 : Create a sync group;Étape 1 : Create a Storage Sync Service · Étape 2 : Create a sync group;https://learn.microsoft.com/en-us/azure/storage/file-sync/file-sync-deployment-guide;Pour commencer une configuration Azure File Sync, quel service créer avant le sync group ?
T3-Q30;Implémenter et gérer le stockage;Fiche question/réponse du support;theme;Non;NO / YES / NO;NO / YES / NO;https://learn.microsoft.com/en-us/azure/storage/file-sync/;"You have an Azure subscription that contains the file shares shown in the following table.

You have the on-premises file shares shown in the following table.

You create an Azure file sync group named Sync1 and perform the following actions:

✑ Add share1 as the cloud endpoint for Sync1.
✑ Add data1 as a server endpoint for Sync1.
✑ Register Server1 and Server2 to Sync1.
For each of the following statements, select Yes if the statement is true. Otherwise, select No.

NOTE: Each correct selection is worth one point."
T3-Q31;Surveiller et maintenir les ressources Azure;Fiche question/réponse du support;theme;Non;"Storage Account : Storage 3 Only
Log Analytic Worksapce : Analytics 1 , Analytics 2 , Analytics3";"Storage Account : Storage 3 Only
Log Analytic Worksapce : Analytics 1 , Analytics 2 , Analytics3";https://learn.microsoft.com/en-us/azure/backup/backup-azure-arm-restore-vms;"You have an Azure subscription named Subscription1 that contains the resources shown in the following table:

You plan to configure Azure Backup reports for Vault1.

You are configuring the Diagnostics settings for the AzureBackupReports log.

Which storage accounts and which Log Analytics workspaces can you use for the Azure Backup reports of Vault1? To answer, select the

appropriate options in the answer area.

NOTE: Each correct selection is worth one point."
T3-Q32;Implémenter et gérer le stockage;Fiche question/réponse du support;theme;Non;"You can create the premium file share in : Contoso 104 Only
You can create the Archieve Access tier in : Contoso 101 Or Contoso 103 Only";"You can create the premium file share in : Contoso 104 Only
You can create the Archieve Access tier in : Contoso 101 Or Contoso 103 Only";https://learn.microsoft.com/fr-fr/azure/storage/files/storage-files-active-directory-overview;"You have an Azure subscription that contains the storage accounts shown in the following exhibit.

Use the drop-down menus to select the answer choice that completes each statement based on the information presented in the graphic.

NOTE: Each correct selection is worth one point."
T3-Q33;Implémenter et gérer le stockage;Exercice avec correction comparée aux sources;scenario;Non;Azure Storage Explorer hors plage IP autorisée : will have no access · Commande SMB net use avec un jeton SAS comme mot de passe : will have no access;Azure Storage Explorer hors plage IP autorisée : will have no access · Commande SMB net use avec un jeton SAS comme mot de passe : will have no access;https://learn.microsoft.com/en-us/azure/storage/files/storage-how-to-use-files-windows;"You have an Azure subscription named Subscription1.

In Subscription1, you create an Azure file share named share1.

You create a shared access signature (SAS) named SAS1 as shown in the following exhibit:

To answer, select the appropriate options in the answer area.

NOTE: Each correct selection is worth one point."
T3-Q34;Déployer et gérer les ressources de calcul Azure;Fiche question/réponse du support;theme;Non;From the RSV1 blade, click Backup items and stop the VM2 backup;From the RSV1 blade, click Backup items and stop the VM2 backup;https://learn.microsoft.com/en-us/azure/backup/backup-azure-arm-restore-vms;"You have two Azure virtual machines named VM1 and VM2. You have two Recovery Services vaults named RSV1 and RSV2.

VM2 is backed up to RSV1.

You need to back up VM2 to RSV2.

What should you do first?"
T3-Q35;Implémenter et gérer le stockage;Exercice avec correction comparée aux sources;scenario;Non;Upgrade the account to general-purpose v2.;Upgrade the account to general-purpose v2;https://learn.microsoft.com/en-us/azure/storage/common/general-purpose-version-1-account-migration-frequently-asked-questions | https://learn.microsoft.com/en-us/azure/storage/common/storage-redundancy;"You have a general-purpose v1 Azure Storage account named storage1 that uses locally-redundant storage (LRS).

You need to ensure that the data in the storage account is protected if a zone fails. The solution must minimize costs and administrative effort.

What should you do first?"
T3-Q36;Implémenter et gérer le stockage;Fiche question/réponse du support;theme;Non;storage1, storage2, and storage3 only;storage1, storage2, and storage3 only;https://learn.microsoft.com/en-us/azure/storage/common/storage-account-overview;"You have an Azure subscription that contains the storage accounts shown in the following table.

You plan to manage the data stored in the accounts by using lifecycle management rules.

To which storage accounts can you apply lifecycle management rules?"
T3-Q37;Implémenter et gérer le stockage;Exercice avec correction comparée aux sources;scenario;Non;445;445;https://learn.microsoft.com/en-us/azure/storage/files/storage-how-to-use-files-windows;"You create an Azure Storage account named contosostorage.

You plan to create a file share named data.

Users need to map a drive to the data file share from home computers that run Windows 10.

Which outbound port should you open between the home computers and the data file share?"
T3-Q38;Implémenter et gérer le stockage;Fiche question/réponse du support;theme;Non;Azure File Storage;Azure File Storage;https://learn.microsoft.com/en-us/azure/import-export/storage-import-export-service;"You have an Azure subscription named Subscription1.

You have 5 TB of data that you need to transfer to Subscription1.

You plan to use an Azure Import/Export job.

What can you use as the destination of the imported data?"
T3-Q39;Implémenter et gérer le stockage;Fiche question/réponse du support;theme;Non;YES / YES / NO;YES / YES / NO;https://learn.microsoft.com/en-us/azure/azure-resource-manager/templates/deployment-modes;"You have an Azure subscription that contains an Azure Storage account named storageaccount1.

You export storageaccount1 as an Azure Resource Manager template. The template contains the following sections.

For each of the following statements, select Yes if the statement is true. Otherwise, select No.

NOTE: Each correct selection is worth one point"
T3-Q40;Implémenter et gérer le stockage;Exercice avec correction comparée aux sources;scenario;Non;Device1, Device2 and Device3;"Device1, Device2 and Device3
WINDOWS 10 , LINUXOS , MACOS";https://learn.microsoft.com/en-us/azure/storage/common/storage-use-azcopy-v10;"You have an Azure subscription that contains a storage account named storage1.

You have the devices shown in the following table.

From which devices can you use AzCopy to copy data to storage1?"
T3-Q41;Implémenter et gérer le stockage;Fiche question/réponse du support;theme;Non;an access policy;an access policy;https://learn.microsoft.com/en-us/azure/storage/blobs/immutable-storage-overview;"You have an Azure Storage account named storage1 that contains a blob container named container1.

You need to prevent new content added to container1 from being modified for one year.

What should you configure?"
T3-Q42;Implémenter et gérer le stockage;Fiche question/réponse du support;theme;Non;NO / YES / YES;NO / YES / YES;https://learn.microsoft.com/en-us/azure/storage/blobs/access-tiers-overview;"You have an Azure Storage account named storage1 that contains a blob container. The blob container has a default access tier of Hot. Storage1

contains a container named conainer1.

You create lifecycle management rules in storage1 as shown in the following table.

You perform the actions shown in the following table.

For each of the following statements, select Yes if the statement is true. Otherwise, select No.

NOTE: Each correct selection is worth one point."
T3-Q43;Implémenter et gérer le stockage;Exercice avec correction comparée aux sources;scenario;Non;Storage Blob Data Contributor + Reader;Reader , Storage Blob Data Contributor;https://learn.microsoft.com/en-us/azure/storage/blobs/authorize-data-operations-portal;"You are configuring Azure Active Directory (Azure AD) authentication for an Azure Storage account named storage1.

You need to ensure that the members of a group named Group1 can upload files by using the Azure portal. The solution must use the principle of

least privilege.

Which two roles should you configure for storage1? Each correct answer presents part of the solution.

NOTE: Each correct selection is worth one point."
T3-Q44;Implémenter et gérer le stockage;Fiche question/réponse du support;theme;Non;"Account type : Storage V2 Only
Object type to create in the new account : container";"Account type : Storage V2 Only
Object type to create in the new account : container";https://learn.microsoft.com/en-us/azure/storage/blobs/object-replication-overview;"You have an Azure Storage account named storage1 that stores images.

You need to create a new storage account and replicate the images in storage1 to the new account by using object replication.

How should you configure the new account? To answer, select the appropriate options in the answer area.

NOTE: Each correct selection is worth one point."
T3-Q45;Implémenter et gérer le stockage;Fiche question/réponse du support;theme;Non;azcopy copy D:\folder1 https://contosodata.blob.core.windows.net/public --recursive;azcopy copy D:\folder1 https://contosodata.blob.core.windows.net/public --recursive;https://learn.microsoft.com/en-us/azure/storage/common/storage-use-azcopy-v10;"You have an on-premises server that contains a folder named D:\Folder1.

You need to copy the contents of D:\Folder1 to the public container in an Azure Storage account named contosodata.

Which command should you run?"
T3-Q46;Implémenter et gérer le stockage;Exercice avec correction comparée aux sources;scenario;Non;Performance;Performance;https://learn.microsoft.com/en-us/azure/storage/common/storage-account-overview;"You have an Azure subscription.

In the Azure portal, you plan to create a storage account named storage1 that will have the following settings:

✑ Performance: Standard
✑ Replication: Zone-redundant storage (ZRS)
✑ Access tier (default): Cool
✑ Hierarchical namespace: Disabled
You need to ensure that you can set Account kind for storage1 to BlockBlobStorage.

Which setting should you modify first?"
T3-Q47;Implémenter et gérer le stockage;Fiche question/réponse du support;theme;Non;SAS / SAS;SAS / SAS;https://learn.microsoft.com/en-us/azure/storage/common/storage-use-azcopy-v10;"You have an Azure subscription that contains the storage accounts shown in the following table.

You plan to use AzCopy to copy a blob from container1 directly to share1.

You need to identify which authentication method to use when you use AzCopy.

What should you identify for each account? To answer, drag the appropriate authentication methods to the correct accounts. Each method may be

used once, more than once, or not at all. You may need to drag the split bar between panes or scroll to view content.

NOTE: Each correct selection is worth one point."
T3-Q48;Implémenter et gérer le stockage;Exercice avec correction comparée aux sources;scenario;Non;Create an encryption scope.;Create an encryption scope;https://learn.microsoft.com/en-us/azure/storage/blobs/encryption-scope-manage;"You create an Azure Storage account.

You plan to add 10 blob containers to the storage account.

For one of the containers, you need to use a different key to encrypt data at rest.

What should you do before you create the container?"
T3-Q49;Implémenter et gérer le stockage;Fiche question/réponse du support;theme;Non;NO / NO / NO;NO / NO / NO;https://learn.microsoft.com/en-us/azure/storage/common/storage-account-overview;"You have an Azure subscription. The subscription contains a storage account named storage1 that has the lifecycle management rules shown in

the following table.

On June 1, you store two blobs in storage1 as shown in the following table.

For each of the following statements, select Yes if the statement is true. Otherwise, select No.

NOTE: Each correct selection is worth one point."
T3-Q50;Implémenter et gérer le stockage;Exercice avec correction comparée aux sources;scenario;Non;Une modification de blob est récupérable sept jours après l’opération. : Non · Seuls les utilisateurs situés dans la région East US peuvent se connecter. : Non · LRS maintient trois copies des données dans la région primaire. : Oui;Une modification de blob est récupérable sept jours après l’opération. : Non · Seuls les utilisateurs situés dans la région East US peuvent se connecter. : Non · LRS maintient trois copies des données dans la région primaire. : Oui;https://learn.microsoft.com/en-us/azure/storage/blobs/point-in-time-restore-overview | https://learn.microsoft.com/en-us/azure/storage/common/storage-redundancy;"You have an Azure subscription.

You plan to deploy a storage account named storage1 by using the following Azure Resource Manager (ARM) template.

For each of the following statements, select Yes if the statement is hue. Otherwise, select No.

NOTE: Each correct selection is worth one point."
T3-Q51;Implémenter et gérer le stockage;Fiche question/réponse du support;theme;Non;azcopy copy D:\folder1 https://contosodata.blob.core.windows.net/public --recursive;azcopy copy D:\folder1 https://contosodata.blob.core.windows.net/public --recursive;https://learn.microsoft.com/en-us/azure/storage/common/storage-use-azcopy-v10;"You have an on-premises server that contains a folder named D:\Folder1.

You need to copy the contents of D:\Folder1 to the public container in an Azure Storage account named contosodata.

Which command should you run?"
T3-Q52;Implémenter et gérer le stockage;Exercice avec correction comparée aux sources;scenario;Non;Action après 90 jours : tierToArchive · Filtre limitant la règle à un conteneur : prefixMatch;Action après 90 jours : tierToArchive · Filtre limitant la règle à un conteneur : prefixMatch;https://learn.microsoft.com/en-us/azure/storage/blobs/lifecycle-management-policy-structure;Dans une règle de cycle de vie qui archive les block blobs du conteneur container1 après 90 jours, quels champs désignent l’action et le filtre par conteneur ?
T3-Q53;Déployer et gérer les ressources de calcul Azure;Fiche question/réponse du support;theme;Non;"CREATE A ECOVERY SERVICE VAULT
SET REPLICATION TO ZRS
FOR VM1 CREATE A REPLICATION POLICY AND CONFIGURE THE BACKUP";"CREATE A ECOVERY SERVICE VAULT
SET REPLICATION TO ZRS
FOR VM1 CREATE A REPLICATION POLICY AND CONFIGURE THE BACKUP";https://learn.microsoft.com/en-us/azure/backup/backup-azure-arm-restore-vms;"You have an Azure subscription that contains a virtual machine named VM1.

You need to back up VM1. The solution must ensure that backups are stored across three availability zones in the primary region.

Which three actions should you perform in sequence? To answer, move the appropriate actions from the list of actions to the answer area and

arrange them in the correct order."
T3-Q54;Implémenter et gérer le stockage;Fiche question/réponse du support;theme;Non;Azure File Storage;Azure File Storage;https://learn.microsoft.com/en-us/azure/import-export/storage-import-export-service;"You have an Azure subscription named Subscription1.

You have 5 TB of data that you need to transfer to Subscription1.

You plan to use an Azure Import/Export job.

What can you use as the destination of the imported data?"
T3-Q55;Gérer les identités et la gouvernance Azure;Fiche question/réponse du support;theme;Non;Task2, Task3, and Task4 only;Task2, Task3, and Task4 only;https://learn.microsoft.com/en-us/entra/identity/role-based-access-control/permissions-reference;"You have an Azure subscription that contains the resources shown in the following table.

You need to perform the tasks shown in the following table.

Which tasks can you perform by using Azure Storage Explorer?"
T3-Q56;Gérer les identités et la gouvernance Azure;Fiche question/réponse du support;theme;Non;ACCESS CONTROL ( IAM ) / GEO-REPLICATION;ACCESS CONTROL ( IAM ) / GEO-REPLICATION;https://learn.microsoft.com/en-us/azure/storage/common/storage-redundancy;"You have an Azure AD user named User1 and a read-access geo-redundant storage (RA-GRS) account named contoso2023.

You need to meet the following requirements:

• User1 must be able to write blob data to contoso2023.

• The contoso2023 account must fail over to its secondary endpoint.

Which two settings should you configure? To answer, select the appropriate settings in the answer area.

NOTE: Each correct selection is worth one point."
T3-Q57;Implémenter et gérer le stockage;Exercice avec correction comparée aux sources;scenario;Non;an RSA key type with a key size of 2048, 3072, or 4096 only;an RSA key type with a key size of 2048, 3072, or 4096 only;https://learn.microsoft.com/en-us/azure/key-vault/keys/about-keys | https://learn.microsoft.com/en-us/azure/storage/blobs/encryption-scope-manage;"You have an Azure subscription that contains a storage account named storage1.

You plan to create a blob container named container1.

You need to use customer-managed key encryption for container1.

Which key should you use?"
T3-Q58;Implémenter et gérer le stockage;Fiche question/réponse du support;theme;Non;"KEY1 -> Table folder and container
SAS1 -> TABLE1";"KEY1 -> Table folder and container
SAS1 -> TABLE1";https://learn.microsoft.com/en-us/rest/api/storageservices/create-service-sas;"You have an Azure subscription that contains a user named User1 and a storage account named storage1. The storage1 account contains the

resources shown in the following table.

User1 is assigned the following roles for storage1:

• Storage Blob Data Reader

• Storage Table Data Contributor

• Storage File Data SMB Share Contributor

For storage1, you create a shared access signature (SAS) named SAS1 that has the settings shown in the following exhibit. (Click the Exhibit tab.)

To which resources can User1 write by using SAS1 and key1? To answer, select the appropriate options in the answer area.

NOTE: Each correct selection is worth one point."
T3-Q59;Implémenter et gérer le stockage;Exercice avec correction comparée aux sources;scenario;Non;Nombre de nouvelles stored access policies pour container1 : 3 · Nombre de nouvelles politiques immuables de type différent : 1;Nombre de nouvelles stored access policies pour container1 : 3 · Nombre de nouvelles politiques immuables de type différent : 1;https://learn.microsoft.com/en-us/rest/api/storageservices/define-stored-access-policy | https://learn.microsoft.com/en-us/azure/storage/blobs/immutable-storage-overview;"You have an Azure subscription that contains the storage account shown in the following exhibit.

Use the drop-down menus to select the answer choice that completes each statement based on the information presented in the graphic

NOTE: Each correct selection is worth one point."
T3-Q60;Implémenter et gérer le stockage;Fiche question/réponse du support;theme;Non;Azure Blob Storage;Azure Blob Storage;https://learn.microsoft.com/en-us/azure/import-export/storage-import-export-service;"You have an Azure subscription named Subscription1.

You have 5 TB of data that you need to transfer to Subscription1.

You plan to use an Azure Import/Export job.

What can you use as the destination of the imported data?"
T3-Q61;Implémenter et gérer le stockage;Fiche question/réponse du support;theme;Non;DELETED;DELETED;https://learn.microsoft.com/en-us/azure/storage/blobs/access-tiers-overview;"You have an Azure subscription. The subscription contains a storage account named storage1 that has the lifecycle management rules shown in

the following table.

On June 1, you store a blob named File1 in the Hot access tier of storage1.

What is the state of File1 on June 7?"
T3-Q62;Implémenter et gérer le stockage;Fiche question/réponse du support;theme;Non;"Lifecycle Management : Storage 1, Storage2 & Storage 3
The Archieve tier Access : Storage 2 Only";"Lifecycle Management : Storage 1, Storage2 & Storage 3
The Archieve tier Access : Storage 2 Only";https://learn.microsoft.com/en-us/azure/storage/common/storage-account-overview;"You have an Azure subscription that contains the storage accounts shown in the following table.

You need to identify which storage accounts support lifecycle management, and which storage accounts support moving data to the Archive

access tier.

Which storage accounts should you use? To answer, select the appropriate options in the answer area.

NOTE: Each correct selection is worth one point."
T3-Q63;Implémenter et gérer le stockage;Fiche question/réponse du support;theme;Non;Azure Blob storage;Azure Blob storage;https://learn.microsoft.com/en-us/azure/import-export/storage-import-export-service;"You have an Azure subscription named Subscription1.

You have 5 TB of data that you need to transfer to Subscription1.

You plan to use an Azure Import/Export job.

What can you use as the destination of the imported data?"
T3-Q64;Implémenter et gérer le stockage;Exercice avec correction comparée aux sources;scenario;Non;Critère de date d’une transition après modification : daysAfterModificationGreaterThan · Type de blob pris en charge par cette transition : blockBlob;Critère de date d’une transition après modification : daysAfterModificationGreaterThan · Type de blob pris en charge par cette transition : blockBlob;https://learn.microsoft.com/en-us/azure/storage/blobs/lifecycle-management-policy-structure;Dans une règle Azure Blob lifecycle qui transfère les blobs 45 jours après leur dernière modification vers Cool, quelle propriété de délai et quel blobTypes choisir ?
T3-Q65;Implémenter et gérer le stockage;Fiche question/réponse du support;theme;Non;Azure Blob Storage;Azure Blob Storage;https://learn.microsoft.com/en-us/azure/import-export/storage-import-export-service;"You have an Azure subscription named Subscription1.

You have 5 TB of data that you need to transfer to Subscription1.

You plan to use an Azure Import/Export job.

What can you use as the destination of the imported data?"
T3-Q66;Implémenter et gérer le stockage;Fiche question/réponse du support;theme;Non;. Premium performance with locally-redundant storage (LRS);. Premium performance with locally-redundant storage (LRS);https://learn.microsoft.com/fr-fr/azure/storage/files/storage-files-active-directory-overview;"You plan to create an Azure Storage account named storage1 that will contain a file share named share1.

You need to ensure that share1 can support SMB Multichannel. The solution must minimize costs.

How should you configure storage?"
T3-Q67;Implémenter et gérer le stockage;Fiche question/réponse du support;theme;Non;Azure File Storage;Azure File Storage;https://learn.microsoft.com/en-us/azure/import-export/storage-import-export-service;"You have an Azure subscription named Subscription1.

You have 5 TB of data that you need to transfer to Subscription1.

You plan to use an Azure Import/Export job.

What can you use as the destination of the imported data?"
T3-Q68;Implémenter et gérer le stockage;Fiche question/réponse du support;theme;Non;containers and queues only;containers and queues only;https://learn.microsoft.com/en-us/azure/role-based-access-control/role-assignments-portal;"You have an Azure subscription that contains a storage account named storage1.

You plan to use conditions when assigning role-based access control (RBAC) roles to storage1.

Which storage1 services support conditions when assigning roles?"
T3-Q69;Déployer et gérer les ressources de calcul Azure;Fiche question/réponse du support;theme;Non;No , YES , YES;No , YES , YES;https://learn.microsoft.com/en-us/azure/aks/enable-authentication-microsoft-entra-id;"You have an Azure subscription that contains the resource groups shown in the following table.

The subscription contains the virtual networks shown in the following table.

You plan to deploy the Azure Kubernetes Service (AKS) clusters shown in the following table.

For each of the following statements, select Yes if the statement is true. Otherwise, select No.

NOTE: Each correct selection is worth one point."
T3-Q70;Déployer et gérer les ressources de calcul Azure;Fiche question/réponse du support;theme;Non;a Desired State Configuration (DSC) extension;a Desired State Configuration (DSC) extension;https://learn.microsoft.com/en-us/azure/azure-resource-manager/templates/deployment-modes;"You plan to deploy several Azure virtual machines that will run Windows Server 2019 in a virtual machine scale set by using an Azure Resource

Manager template.

You need to ensure that NGINX is available on all the virtual machines after they are deployed.

What should you use?"
T3-Q71;Implémenter et gérer le stockage;Fiche question/réponse du support;theme;Non;Default Routing Tier / Encryption type;Default Routing Tier / Encryption type;https://learn.microsoft.com/en-us/azure/storage/common/storage-account-overview;"You have an Azure subscription that has offices in the East US and West US Azure regions.

You plan to create the storage account shown in the following exhibit.

Use the drop-down menus to select the answer choice that completes each statement based on the information presented in the graphic.

NOTE: Each correct selection is worth one point."
T3-Q72;Implémenter et gérer le stockage;Exercice avec correction comparée aux sources;scenario;Non;Type de clé asymétrique : RSA · Taille maximale parmi les valeurs proposées : 4096;Type de clé asymétrique : RSA · Taille maximale parmi les valeurs proposées : 4096;https://learn.microsoft.com/en-us/azure/key-vault/keys/about-keys;"You have an Azure subscription.

You plan to deploy a new storage account.

You need to configure encryption for the account. The solution must meet the following requirements:

• Use a customer-managed key stored in a key vault.

• Use the maximum supported bit length.

Which type of key and which bit length should you use? To answer, select the appropriate options in the answer area.

NOTE: Each correct selection is worth one point."
T3-Q73;Implémenter et gérer le stockage;Exercice avec correction comparée aux sources;scenario;Non;a role assignment condition;a role assignment condition;https://learn.microsoft.com/en-us/azure/storage/blobs/storage-auth-abac-examples;"You have an Azure Storage account that contains 5,000 blobs accessed by multiple users.

You need to ensure that the users can view only specific blobs based on blob index tags.

What should you include in the solution?"
T3-Q74;Implémenter et gérer le stockage;Fiche question/réponse du support;theme;Non;containers only;containers only;https://learn.microsoft.com/en-us/azure/storage/common/storage-account-overview;"You have an Azure Storage account named storage1.

For storage1, you create an encryption scope named Scope1.

Which storage types can you encrypt by using Scope?"
T3-Q75;Implémenter et gérer le stockage;Exercice avec correction comparée aux sources;scenario;Non;Action RBAC sur tous les réseaux virtuels : Microsoft.Network/virtualNetworks/* · Action RBAC de lecture de la configuration du compte Storage : Microsoft.Storage/storageAccounts/read;Action RBAC sur tous les réseaux virtuels : Microsoft.Network/virtualNetworks/* · Action RBAC de lecture de la configuration du compte Storage : Microsoft.Storage/storageAccounts/read;https://learn.microsoft.com/en-us/powershell/module/az.resources/new-azroledefinition?view=azps-16.3.0;"You have an Azure subscription.

You plan to create a role definition to meet the following requirements:

• Users must be able to view the configuration data of a storage account.

• Users must be able to perform all actions on a virtual network.

• The solution must use the principle of least privilege.

What should you include in the role definition for each requirement? To answer, select the appropriate options in the answer area.

NOTE: Each correct selection is worth one point."
T3-Q76;Implémenter et gérer le stockage;Fiche question/réponse du support;theme;Non;Azure File Storage;Azure File Storage;https://learn.microsoft.com/en-us/azure/import-export/storage-import-export-service;"You have an Azure subscription named Subscription1.

You have 5 TB of data that you need to transfer to Subscription1.

You plan to use an Azure Import/Export job.

What can you use as the destination of the imported data?"
T3-Q77;Déployer et gérer les ressources de calcul Azure;Exercice avec correction comparée aux sources;scenario;Non;Disque résistant à la panne d’une zone et offrant la meilleure performance proposée : Premium SSD ZRS · Cache de l’hôte évitant des écritures non persistées : Read-only;Disque résistant à la panne d’une zone et offrant la meilleure performance proposée : Premium SSD ZRS · Cache de l’hôte évitant des écritures non persistées : Read-only;https://learn.microsoft.com/en-us/azure/virtual-machines/disks-redundancy;"You have an Azure subscription that contains a virtual machine named VM1.

To VM1, you plan to add a 1-TB data disk that meets the following requirements:

• Provides data resiliency in the event of a datacenter outage.

• Provides the lowest latency and the highest performance.

• Ensures that no data loss occurs if a host fails.

You need to recommend which type of storage and host caching to configure for the new data disk."
T3-Q78;Déployer et gérer les ressources de calcul Azure;Fiche question/réponse du support;theme;Non;". Create a new key.
Select Azure Disk Encryption for volume encryption.";". Create a new key.
Select Azure Disk Encryption for volume encryption.";https://learn.microsoft.com/en-us/azure/key-vault/general/rbac-access-policy;"You have an Azure virtual machine named VM1 and an Azure key vault named Vault1.

On VM1, you plan to configure Azure Disk Encryption to use a key encryption key (KEK).

You need to prepare Vault1 for Azure Disk Encryption.

Which two actions should you perform on Vault1? Each correct answer presents part of the solution.

NOTE: Each correct selection is worth one point."
T3-Q79;Déployer et gérer les ressources de calcul Azure;Fiche question/réponse du support;theme;Non;Azure Disk Encryption;Azure Disk Encryption;https://learn.microsoft.com/en-us/azure/key-vault/general/rbac-access-policy;"You have an Azure subscription that contains a virtual machine named VM1 and an Azure key vault named KV1.

You need to configure encryption for VM1. The solution must meet the following requirements:

• Store and use the encryption key in KV1.

• Maintain encryption if VM1 is downloaded from Azure.

• Encrypt both the operating system disk and the data disks.

Which encryption method should you use?"
T3-Q80;Implémenter et gérer le stockage;Exercice avec correction comparée aux sources;scenario;Non;Allowed resource types pour lire un blob nommé : Object · Allowed permissions pour télécharger : Read;Allowed resource types pour lire un blob nommé : Object · Allowed permissions pour télécharger : Read;https://learn.microsoft.com/en-us/rest/api/storageservices/create-service-sas;Le service Blob est déjà sélectionné dans une SAS de compte. Quels type de ressource et permission autorisent uniquement la lecture d’un blob dont le nom est connu ?
T3-Q81;Implémenter et gérer le stockage;Fiche question/réponse du support;theme;Non;SAS ( SHARED ACCESS SIGNATURE );SAS ( SHARED ACCESS SIGNATURE );https://learn.microsoft.com/en-us/azure/storage/common/storage-redundancy;"You have an Azure subscription that contains a storage account named storage1. The storage1 account contains a container named container1.

You need to configure access to container1. The solution must meet the following requirements:

• Only allow read access.

• Allow both HTTP and HTTPS protocols.

• Apply access permissions to all the content in the container.

What should you use?"
T3-Q82;Implémenter et gérer le stockage;Fiche question/réponse du support;theme;Non;"the Cool access tire
geo-redundant storage (GRS)
hierarchical namespace";"the Cool access tire
geo-redundant storage (GRS)
hierarchical namespace";https://learn.microsoft.com/en-us/azure/storage/common/storage-account-overview;"You need to create an Azure Storage account named storage1. The solution must meet the following requirements:

• Support Azure Data Lake Storage.

• Minimize costs for infrequently accessed data.

• Automatically replicate data to a secondary Azure region.

Which three options should you configure for storage1? Each correct answer presents part of the solution.

NOTE: Each correct answer is worth one point."
T3-Q83;Implémenter et gérer le stockage;Fiche question/réponse du support;theme;Non;YES / NO / NO;YES / NO / NO;https://learn.microsoft.com/en-us/azure/storage/common/storage-account-overview;"You have an Azure Storage account named storage1 that contains two containers named container1 and container2. Blob versioning is enabled

for both containers.

You periodically take blob snapshots of critical blobs.

You create the following lifecycle management policy.

For each of the following statements, select Yes if the statement is true. Otherwise, select No.

NOTE: Each correct selection is worth one point."
T3-Q84;Implémenter et gérer le stockage;Fiche question/réponse du support;theme;Non;storage2;storage2;https://learn.microsoft.com/en-us/azure/storage/common/storage-account-overview;"You have an Azure subscription that contains the storage accounts shown in the following table.

Which storage account can be converted to zone-redundant storage (ZRS) replication?"
T3-Q85;Gérer les identités et la gouvernance Azure;Fiche question/réponse du support;theme;Non;"Device1, Device2, and Device3 only
Ubuntu , MacOS, Linux";"Device1, Device2, and Device3 only
Ubuntu , MacOS, Linux";https://learn.microsoft.com/en-us/entra/identity/role-based-access-control/permissions-reference;"You have an Azure subscription that contains the devices shown in the following table.

On which devices can you install Azure Storage Explorer?"
T3-Q86;Implémenter et gérer le stockage;Exercice avec correction comparée aux sources;scenario;Non;Nombre minimal de copies avec LRS : 3 · Paramètre à modifier pour les blobs rarement lus : Access tier (default);Nombre minimal de copies avec LRS : 3 · Paramètre à modifier pour les blobs rarement lus : Access tier (default);https://learn.microsoft.com/en-us/azure/storage/common/storage-account-overview | https://learn.microsoft.com/en-us/azure/storage/common/storage-redundancy | https://learn.microsoft.com/en-us/azure/storage/blobs/access-tiers-overview;Un compte StorageV2 Standard LRS a le niveau Hot par défaut. Combien de copies possède-t-il et quel paramètre modifier pour des blobs rarement lus ?
T3-Q87;Implémenter et gérer le stockage;Exercice avec correction comparée aux sources;scenario;Non;filters.blobTypes : blockBlob · filters.prefixMatch : container1/finance;filters.blobTypes : blockBlob · filters.prefixMatch : container1/finance;https://learn.microsoft.com/en-us/azure/storage/blobs/blob-inventory;Vous produisez chaque jour un inventaire CSV des blobs d’images du conteneur container1 dont le nom commence par finance. Quelles valeurs définir pour filters.blobTypes et filters.prefixMatch dans une règle Azure Storage Blob Inventory ?
T3-Q88;Implémenter et gérer le stockage;Exercice avec correction comparée aux sources;scenario;Non;Resource type Container + Permission Read + Permission List;Resource type Container + Permission Read + Permission List;https://learn.microsoft.com/en-us/rest/api/storageservices/create-service-sas;Vous générez une SAS de compte Azure Storage. Le service Blob est déjà coché. Quelles trois autres cases donnent seulement la possibilité d’énumérer et de télécharger les blobs de container1 ? Choisissez trois réponses.
T3-Q89;Implémenter et gérer le stockage;Fiche question/réponse du support;theme;Non;NO / YES / NO;NO / YES / NO;https://learn.microsoft.com/en-us/azure/storage/common/storage-account-overview;"You have an Azure subscription. The subscription contains a storage account named storage1 that has the lifecycle management rules shown in

the following table.

On June 1, you store two blobs in storage1 as shown in the following table.

For each of the following statements, select Yes if the statement is true. Otherwise, select No.

NOTE: Each correct selection is worth one point."
T3-Q90;Implémenter et gérer le stockage;Fiche question/réponse du support;theme;Non;Ligne 1 du tableau : Non · Ligne 2 du tableau : Non · Ligne 3 du tableau : Non;Ligne 1 du tableau : Non · Ligne 2 du tableau : Non · Ligne 3 du tableau : Non;https://learn.microsoft.com/en-us/azure/storage/common/storage-account-overview;"You have an Azure Storage account named contoso2024 that contains the resources shown in the following table.

You have users that have permissions for contoso2024 as shown in the following table.

The contoso2024 account is configured as shown in the following exhibit.

For each of the following statements, select Yes if the statement is true. Otherwise, select No.

NOTE: Each correct selection is worth one point.

Topic 4 - Question Set 4"
T4-Q1;Déployer et gérer les ressources de calcul Azure;Fiche question/réponse du support;theme;Non;No;No;https://learn.microsoft.com/en-us/azure/app-service/overview-hosting-plans;"Note: This question is part of a series of questions that present the same scenario. Each question in the series contains a unique solution that

might meet the stated goals. Some question sets might have more than one correct solution, while others might not have a correct solution.

After you answer a question in this section, you will NOT be able to return to it. As a result, these questions will not appear in the review screen.

You deploy an Azure Kubernetes Service (AKS) cluster named AKS1.

You need to deploy a YAML file to AKS1.

Solution: From Azure CLI, you run az aks.

Does this meet the goal?"
T4-Q2;Déployer et gérer les ressources de calcul Azure;Fiche question/réponse du support;theme;Non;YES;YES;https://learn.microsoft.com/en-us/azure/app-service/overview-hosting-plans;"Note: This question is part of a series of questions that present the same scenario. Each question in the series contains a unique solution that

might meet the stated goals. Some question sets might have more than one correct solution, while others might not have a correct solution.

After you answer a question in this section, you will NOT be able to return to it. As a result, these questions will not appear in the review screen.

You deploy an Azure Kubernetes Service (AKS) cluster named AKS1.

You need to deploy a YAML file to AKS1.

Solution: From Azure CLI, you run the kubectl client.

Does this meet the goal?"
T4-Q3;Déployer et gérer les ressources de calcul Azure;Fiche question/réponse du support;theme;Non;NO;NO;https://learn.microsoft.com/en-us/azure/storage/common/storage-use-azcopy-v10;"Note: This question is part of a series of questions that present the same scenario. Each question in the series contains a unique solution that

might meet the stated goals. Some question sets might have more than one correct solution, while others might not have a correct solution.

After you answer a question in this section, you will NOT be able to return to it. As a result, these questions will not appear in the review screen.

You deploy an Azure Kubernetes Service (AKS) cluster named AKS1.

You need to deploy a YAML file to AKS1.

Solution: From Azure CLI, you run azcopy.

Does this meet the goal?"
T4-Q4;Déployer et gérer les ressources de calcul Azure;Fiche question/réponse du support;theme;Non;NO;NO;https://learn.microsoft.com/en-us/rest/api/storageservices/create-service-sas;"Note: This question is part of a series of questions that present the same scenario. Each question in the series contains a unique solution that

might meet the stated goals. Some question sets might have more than one correct solution, while others might not have a correct solution.

After you answer a question in this section, you will NOT be able to return to it. As a result, these questions will not appear in the review screen.

You have an Azure virtual machine named VM1 that runs Windows Server 2016.

You need to create an alert in Azure when more than two error events are logged to the System event log on VM1 within an hour.

Solution: You create an Azure storage account and configure shared access signatures (SASs). You install the Microsoft Monitoring Agent on

VM1. You create an alert in Azure Monitor and specify the storage account as the source.

Does that meet the goal?"
T4-Q5;Déployer et gérer les ressources de calcul Azure;Exercice avec correction comparée aux sources;scenario;Non;Première action en conservant les disques : Delete VM1 (retain its managed disks) · Action suivante dans VNet2 : Create a new VM from the retained OS disk;Première action en conservant les disques : Delete VM1 (retain its managed disks) · Action suivante dans VNet2 : Create a new VM from the retained OS disk;https://learn.microsoft.com/en-us/azure/virtual-machines/attach-os-disk;VM1 contient une application installée sur son disque système et utilise VNet1. Pour la déplacer vers VNet2 sans connectivité avec VNet1 en conservant l’installation, quelles deux actions réaliser dans cet ordre ?
T4-Q6;Déployer et gérer les ressources de calcul Azure;Fiche question/réponse du support;theme;Non;an Azure Key Vault and an access policy;an Azure Key Vault and an access policy;https://learn.microsoft.com/en-us/azure/azure-resource-manager/templates/deployment-modes;"You download an Azure Resource Manager template based on an existing virtual machine. The template will be used to deploy 100 virtual

machines.

You need to modify the template to reference an administrative password. You must prevent the password from being stored in plain text.

What should you create to store the password?"
T4-Q7;Déployer et gérer les ressources de calcul Azure;Fiche question/réponse du support;theme;Non;"WebApp1 : ASP1 & ASP3 Only ( WINDOWS & LINUX )
WebApp2 : ASP1 ONLY ( Windows )";"WebApp1 : ASP1 & ASP3 Only ( WINDOWS & LINUX )
WebApp2 : ASP1 ONLY ( Windows )";https://learn.microsoft.com/en-us/azure/app-service/overview-hosting-plans;"You have the App Service plans shown in the following table.

You plan to create the Azure web apps shown in the following table.

You need to identify which App Service plans can be used for the web apps.

What should you identify? To answer, select the appropriate options in the answer area.

NOTE: Each correct selection is worth one point."
T4-Q8;Déployer et gérer les ressources de calcul Azure;Fiche question/réponse du support;theme;Non;"6 VM / 2 VM
Box 1: 6 virtual machines -
The Autoscale scale out rule increases the number of VMs by 2 if the CPU threshold is 80% or higher. Th
e initial instance count is 4 and rises to 6 when the 2 extra instances of VMs are added.";"6 VM / 2 VM
Box 1: 6 virtual machines -
The Autoscale scale out rule increases the number of VMs by 2 if the CPU threshold is 80% or higher. Th
e initial instance count is 4 and rises to 6 when the 2 extra instances of VMs are added.";https://learn.microsoft.com/en-us/azure/virtual-machines/extensions/custom-script-windows;"You create a virtual machine scale set named Scale1. Scale1 is configured as shown in the following exhibit.

Use the drop-down menus to select the answer choice that completes each statement based on the information presented in the graphic.

NOTE: Each correct selection is worth one point."
T4-Q9;Déployer et gérer les ressources de calcul Azure;Fiche question/réponse du support;theme;Non;"Upload a configuration script / Modify the extensionProfile section of the Azure Resource Manag
er template";"Upload a configuration script / Modify the extensionProfile section of the Azure Resource Manag
er template";https://learn.microsoft.com/en-us/azure/virtual-machines/extensions/custom-script-windows;"You plan to automate the deployment of a virtual machine scale set that uses the Windows Server 2016 Datacenter image.

You need to ensure that when the scale set virtual machines are provisioned, they have web server components installed.

Which two actions should you perform? Each correct answer presents part of the solution.

NOTE: Each correct selection is worth one point."
T4-Q10;Déployer et gérer les ressources de calcul Azure;Exercice avec correction comparée aux sources;scenario;Non;Premier mot de la commande : az · Groupe de commande : aks;Premier mot de la commande : az · Groupe de commande : aks;https://learn.microsoft.com/en-us/azure/aks/tutorial-kubernetes-deploy-cluster;"You have an Azure Kubernetes Service (AKS) cluster named AKS1 and a computer named Computer1 that runs Windows 10. Computer1 that has

the Azure CLI installed.

You need to install the kubectl client on Computer1.

Which command should you run? To answer, select the appropriate options in the answer area.

NOTE: Each correct selection is worth one point."
T4-Q11;Déployer et gérer les ressources de calcul Azure;Fiche question/réponse du support;theme;Non;"1. Upload a configuration to Azure Automation State Configuration
2. Compile a configuration into a node configuration
3. Check the compliance status of the node.";"1. Upload a configuration to Azure Automation State Configuration
2. Compile a configuration into a node configuration
3. Check the compliance status of the node.";https://learn.microsoft.com/en-us/azure/virtual-machines/availability-set-overview;"You onboard 10 Azure virtual machines to Azure Automation State Configuration.

You need to use Azure Automation State Configuration to manage the ongoing consistency of the virtual machine configurations.

Which three actions should you perform in sequence? To answer, move the appropriate actions from the list of actions to the answer area and

arrange them in the correct order.

NOTE: More than one order of answer choices is correct. You will receive credit for any of the correct orders you select."
T4-Q12;Déployer et gérer les ressources de calcul Azure;Fiche question/réponse du support;theme;Non;Modify the location in the resources section to westus;Modify the location in the resources section to westus;https://learn.microsoft.com/en-us/azure/azure-resource-manager/templates/deployment-modes;"You have an Azure Resource Manager template named Template1 that is used to deploy an Azure virtual machine.

Template1 contains the following text:

The variables section in Template1 contains the following text:

""location"": ""westeurope""

The resources section in Template1 contains the following text:

You need to deploy the virtual machine to the West US location by using Template1.

What should you do?"
T4-Q13;Déployer et gérer les ressources de calcul Azure;Exercice avec correction comparée aux sources;scenario;Non;From Plan1, scale up the App Service plan;From Plan1, scale up the App Service plan;https://learn.microsoft.com/en-us/azure/app-service/deploy-staging-slots;"You create an App Service plan named Plan1 and an Azure web app named webapp1.

You discover that the option to create a staging slot is unavailable.

You need to create a staging slot for Plan1.

What should you do first?"
T4-Q14;Déployer et gérer les ressources de calcul Azure;Fiche question/réponse du support;theme;Non;"NOTE :VM Scale Set consists of a set of identically configured VMs.
Availability Set consists of a set of discrete VMs.";"NOTE :VM Scale Set consists of a set of identically configured VMs.
Availability Set consists of a set of discrete VMs.";https://learn.microsoft.com/en-us/azure/virtual-machines/availability-set-overview;"You plan to move a distributed on-premises app named App1 to an Azure subscription.

After the planned move, App1 will be hosted on several Azure virtual machines.

You need to ensure that App1 always runs on at least eight virtual machines during planned Azure maintenance.

What should you create?"
T4-Q15;Déployer et gérer les ressources de calcul Azure;Fiche question/réponse du support;theme;Non;NO;NO;https://learn.microsoft.com/en-us/azure/azure-monitor/logs/log-query-overview;"Note: This question is part of a series of questions that present the same scenario. Each question in the series contains a unique solution that

might meet the stated goals. Some question sets might have more than one correct solution, while others might not have a correct solution.

After you answer a question in this section, you will NOT be able to return to it. As a result, these questions will not appear in the review screen.

You have an Azure virtual machine named VM1 that runs Windows Server 2016.

You need to create an alert in Azure when more than two error events are logged to the System event log on VM1 within an hour.

Solution: You create an event subscription on VM1. You create an alert in Azure Monitor and specify VM1 as the source

Does this meet the goal?"
T4-Q16;Déployer et gérer les ressources de calcul Azure;Fiche question/réponse du support;theme;Non;NO;NO;https://learn.microsoft.com/en-us/azure/azure-resource-manager/templates/deployment-modes;"Note: This question is part of a series of questions that present the same scenario. Each question in the series contains a unique solution that

might meet the stated goals. Some question sets might have more than one correct solution, while others might not have a correct solution.

After you answer a question in this section, you will NOT be able to return to it. As a result, these questions will not appear in the review screen.

You have an Azure virtual machine named VM1. VM1 was deployed by using a custom Azure Resource Manager template named ARM1.json.

You receive a notification that VM1 will be affected by maintenance.

You need to move VM1 to a different host immediately.

Solution: From the Overview blade, you move the virtual machine to a different subscription.

Does this meet the goal?"
T4-Q17;Déployer et gérer les ressources de calcul Azure;Fiche question/réponse du support;theme;Non;YES;YES;https://learn.microsoft.com/en-us/azure/azure-resource-manager/templates/deployment-modes;"Note: This question is part of a series of questions that present the same scenario. Each question in the series contains a unique solution that

might meet the stated goals. Some question sets might have more than one correct solution, while others might not have a correct solution.

After you answer a question in this section, you will NOT be able to return to it. As a result, these questions will not appear in the review screen.

You have an Azure virtual machine named VM1. VM1 was deployed by using a custom Azure Resource Manager template named ARM1.json.

You receive a notification that VM1 will be affected by maintenance.

You need to move VM1 to a different host immediately.

Solution: From the Redeploy blade, you click Redeploy.

Does this meet the goal?"
T4-Q18;Déployer et gérer les ressources de calcul Azure;Fiche question/réponse du support;theme;Non;No;No;https://learn.microsoft.com/en-us/azure/azure-resource-manager/templates/deployment-modes;"Note: This question is part of a series of questions that present the same scenario. Each question in the series contains a unique solution that

might meet the stated goals. Some question sets might have more than one correct solution, while others might not have a correct solution.

After you answer a question in this section, you will NOT be able to return to it. As a result, these questions will not appear in the review screen.

You have an Azure virtual machine named VM1. VM1 was deployed by using a custom Azure Resource Manager template named ARM1.json.

You receive a notification that VM1 will be affected by maintenance.

You need to move VM1 to a different host immediately.

Solution: From the Update management blade, you click Enable.

Does this meet the goal?"
T4-Q19;Déployer et gérer les ressources de calcul Azure;Fiche question/réponse du support;theme;Non;Create a DNS record;Create a DNS record;https://learn.microsoft.com/en-us/azure/dns/dns-domain-delegation;"You have an Azure subscription that contains a web app named webapp1.

You need to add a custom domain named www.contoso.com to webapp1.

What should you do first?"
T4-Q20;Implémenter et gérer les réseaux virtuels;Fiche question/réponse du support;theme;Non;NO;NO;https://learn.microsoft.com/en-us/azure/role-based-access-control/role-assignments-portal;"Note: This question is part of a series of questions that present the same scenario. Each question in the series contains a unique solution that

might meet the stated goals. Some question sets might have more than one correct solution, while others might not have a correct solution.

After you answer a question in this section, you will NOT be able to return to it. As a result, these questions will not appear in the review screen.

You have an Azure subscription that contains the resources shown in the following table.

VM1 connects to VNET1.

You need to connect VM1 to VNET2.

Solution: You move VM1 to RG2, and then you add a new network interface to VM1.

Does this meet the goal?"
T4-Q21;Implémenter et gérer les réseaux virtuels;Fiche question/réponse du support;theme;Non;YES;YES;https://learn.microsoft.com/en-us/azure/role-based-access-control/role-assignments-portal;"Note: This question is part of a series of questions that present the same scenario. Each question in the series contains a unique solution that

might meet the stated goals. Some question sets might have more than one correct solution, while others might not have a correct solution.

After you answer a question in this section, you will NOT be able to return to it. As a result, these questions will not appear in the review screen.

You have an Azure subscription that contains the resources shown in the following table.

VM1 connects to VNET1.

You need to connect VM1 to VNET2.

Solution: You delete VM1. You recreate VM1, and then you create a new network interface for VM1 and connect it to VNET2.

Does this meet the goal?"
T4-Q22;Implémenter et gérer les réseaux virtuels;Fiche question/réponse du support;theme;Non;NO;NO;https://learn.microsoft.com/en-us/azure/role-based-access-control/role-assignments-portal;"Note: This question is part of a series of questions that present the same scenario. Each question in the series contains a unique solution that

might meet the stated goals. Some question sets might have more than one correct solution, while others might not have a correct solution.

After you answer a question in this section, you will NOT be able to return to it. As a result, these questions will not appear in the review screen.

You have an Azure subscription that contains the resources shown in the following table.

VM1 connects to VNET1.

You need to connect VM1 to VNET2.

Solution: You turn off VM1, and then you add a new network interface to VM1.

Does this meet the goal?"
T4-Q23;Déployer et gérer les ressources de calcul Azure;Fiche question/réponse du support;theme;Non;YES / NO / NO;YES / NO / NO;https://learn.microsoft.com/en-us/azure/virtual-machines/availability-set-overview;"You have an Azure subscription named Subscription1 that contains the quotas shown in the following table.

You deploy virtual machines to Subscription1 as shown in the following table.

You plan to deploy the virtual machines shown in the following table.

For each of the following statements, select Yes if the statement is true. Otherwise, select No.

NOTE: Each correct selection is worth one point."
T4-Q24;Déployer et gérer les ressources de calcul Azure;Fiche question/réponse du support;theme;Non;Max unavailable Vm in Planned maintenance-> 2 / Max unavailable Vm in Power Failure -> 7;Max unavailable Vm in Planned maintenance-> 2 / Max unavailable Vm in Power Failure -> 7;https://learn.microsoft.com/en-us/azure/virtual-machines/availability-set-overview;"You have an Azure subscription that contains an Azure Availability Set named WEBPROD-AS-USE2 as shown in the following exhibit.

You add 14 virtual machines to WEBPROD-AS-USE2.

Use the drop-down menus to select the answer choice that completes each statement based on the information presented in the graphic.

NOTE: Each correct selection is worth one point."
T4-Q25;Déployer et gérer les ressources de calcul Azure;Fiche question/réponse du support;theme;Non;131.107.2.1 => LOAD Balancer Front end ip;131.107.2.1 => LOAD Balancer Front end ip;https://learn.microsoft.com/en-us/azure/dns/dns-domain-delegation;"You deploy an Azure Kubernetes Service (AKS) cluster named Cluster1 that uses the IP addresses shown in the following table.

You need to provide internet users with access to the applications that run in Cluster1.

Which IP address should you include in the DNS record for Cluster1?"
T4-Q26;Déployer et gérer les ressources de calcul Azure;Exercice avec correction comparée aux sources;scenario;Non;one App Service plan;one App Service plan;https://learn.microsoft.com/en-us/azure/app-service/overview-hosting-plans;"You have a deployment template named Template1 that is used to deploy 10 Azure web apps.

You need to identify what to deploy before you deploy Template1. The solution must minimize Azure costs.

What should you identify?"
T4-Q27;Déployer et gérer les ressources de calcul Azure;Fiche question/réponse du support;theme;Non;"Internet User : Can Connect to the container from any devices
if container in iis fails : the container will restart automatically";"Internet User : Can Connect to the container from any devices
if container in iis fails : the container will restart automatically";https://learn.microsoft.com/en-us/azure/azure-resource-manager/templates/deployment-modes;"You plan to deploy an Azure container instance by using the following Azure Resource Manager template.

Use the drop-down menus to select the answer choice that completes each statement based on the information presented in the template.

NOTE: Each correct selection is worth one point."
T4-Q28;Déployer et gérer les ressources de calcul Azure;Exercice avec correction comparée aux sources;scenario;Non;Change the size to D8s v3;Change the size to D8s v3;https://learn.microsoft.com/en-us/azure/virtual-machines/sizes/resize-vm;"You have an Azure subscription that contains a virtual machine named VM1. VM1 hosts a line-of-business application that is available 24 hours a

day. VM1 has one network interface and one managed disk. VM1 uses the D4s v3 size.

You plan to make the following changes to VM1:

✑ Change the size to D8s v3.
✑ Add a 500-GB managed disk.
✑ Add the Puppet Agent extension.
✑ Enable Desired State Configuration Management.
Which change will cause downtime for VM1?"
T4-Q29;Déployer et gérer les ressources de calcul Azure;Exercice avec correction comparée aux sources;scenario;Non;Swap the slots + Deploy the App1 update to webapp1-test, and then test the update;"Deploy the App1 update to webapp1-test, and then test the update
Swap the slots";https://learn.microsoft.com/en-us/azure/app-service/deploy-staging-slots;"You have an app named App1 that runs on an Azure web app named webapp1.

The developers at your company upload an update of App1 to a Git repository named Git1.

Webapp1 has the deployment slots shown in the following table.

You need to ensure that the App1 update is tested before the update is made available to users.

Which two actions should you perform? Each correct answer presents part of the solution.

NOTE: Each correct selection is worth one point."
T4-Q30;Surveiller et maintenir les ressources Azure;Exercice avec correction comparée aux sources;scenario;Non;Activer Network Watcher en East US + Créer un compte de stockage pour les journaux + Activer virtual network flow logs sur le VNet;Network Watcher en East US + compte de stockage + virtual network flow logs;https://learn.microsoft.com/en-us/azure/network-watcher/vnet-flow-logs-manage | https://learn.microsoft.com/en-us/azure/network-watcher/nsg-flow-logs-migrate;Vous voulez enregistrer les flux réseau entrants et sortants du VNet contenant VM1 en East US. Quelles trois étapes sont nécessaires pour de nouveaux virtual network flow logs ? Choisissez trois réponses.
T4-Q31;Déployer et gérer les ressources de calcul Azure;Fiche question/réponse du support;theme;Non;Deploy one virtual machine scale set that is set to ScaleSetVM orchestration mode.;Deploy one virtual machine scale set that is set to ScaleSetVM orchestration mode.;https://learn.microsoft.com/en-us/azure/virtual-machines/extensions/custom-script-windows;"You need to deploy an Azure virtual machine scale set that contains five instances as quickly as possible.

What should you do?"
T4-Q32;Déployer et gérer les ressources de calcul Azure;Fiche question/réponse du support;theme;Non;2;2;https://learn.microsoft.com/en-us/azure/app-service/overview-hosting-plans;"You plan to create the Azure web apps shown in the following table.

What is the minimum number of App Service plans you should create for the web apps?"
T4-Q33;Déployer et gérer les ressources de calcul Azure;Fiche question/réponse du support;theme;Non;VM1 and VM2 continue to run / one email notification will be sent each month.;VM1 and VM2 continue to run / one email notification will be sent each month.;https://learn.microsoft.com/en-us/azure/azure-monitor/alerts/action-groups;"You have a pay-as-you-go Azure subscription that contains the virtual machines shown in the following table.

You create the budget shown in the following exhibit.

The AG1 action group contains a user named admin@contoso.com only.

Use the drop-down menus to select the answer choice that completes each statement based on the information presented in the graphic."
T4-Q34;Gérer les identités et la gouvernance Azure;Fiche question/réponse du support;theme;Non;No;No;https://learn.microsoft.com/en-us/azure/azure-resource-manager/templates/deployment-modes;"Note: This question is part of a series of questions that present the same scenario. Each question in the series contains a unique solution that

might meet the stated goals. Some question sets might have more than one correct solution, while others might not have a correct solution.

After you answer a question in this section, you will NOT be able to return to it. As a result, these questions will not appear in the review screen.

You have an Azure subscription named Subscription1. Subscription1 contains a resource group named RG1. RG1 contains resources that were

deployed by using templates.

You need to view the date and time when the resources were created in RG1.

Solution: From the Subscriptions blade, you select the subscription, and then click Programmatic deployment.

Does this meet the goal?"
T4-Q35;Implémenter et gérer les réseaux virtuels;Fiche question/réponse du support;theme;Non;NO;NO;https://learn.microsoft.com/en-us/azure/role-based-access-control/role-assignments-portal;"Note: This question is part of a series of questions that present the same scenario. Each question in the series contains a unique solution that

might meet the stated goals. Some question sets might have more than one correct solution, while others might not have a correct solution.

After you answer a question in this section, you will NOT be able to return to it. As a result, these questions will not appear in the review screen.

You have an Azure subscription that contains the resources shown in the following table.

VM1 connects to VNET1.

You need to connect VM1 to VNET2.

Solution: You create a new network interface, and then you add the network interface to VM1.

Does this meet the goal?"
T4-Q36;Gérer les identités et la gouvernance Azure;Fiche question/réponse du support;theme;Non;. User1 and User2 only;. User1 and User2 only;https://learn.microsoft.com/en-us/entra/identity/role-based-access-control/permissions-reference;"You have an Azure Active Directory (Azure AD) tenant named adatum.com that contains the users shown in the following table.

Adatum.com has the following configurations:

✑ Users may join devices to Azure AD is set to User1.
✑ Additional local administrators on Azure AD joined devices is set to None.
You deploy Windows 10 to a computer named Computer1. User1 joins Computer1 to adatum.com.

You need to identify the local Administrator group membership on Computer1.

Which users are members of the local Administrators group?"
T4-Q37;Déployer et gérer les ressources de calcul Azure;Fiche question/réponse du support;theme;Non;NO / NO / NO;NO / NO / NO;https://learn.microsoft.com/en-us/azure/app-service/overview-hosting-plans;"You have Azure subscriptions named Subscription1 and Subscription2.

Subscription1 has following resource groups:

RG1 includes a web app named App1 in the West Europe location.

Subscription2 contains the following resource groups:

For each of the following statements, select Yes if the statement is true. Otherwise, select No.

NOTE: Each correct selection is worth one point."
T4-Q38;Gérer les identités et la gouvernance Azure;Fiche question/réponse du support;theme;Non;"Tag Assigned to RG : ""tag1"": ""value1"" only -
Tag Assigned to Storage1: ""tag2"": ""value2"" and ""tag3"": ""value3"" only";"Tag Assigned to RG : ""tag1"": ""value1"" only -
Tag Assigned to Storage1: ""tag2"": ""value2"" and ""tag3"": ""value3"" only";https://learn.microsoft.com/en-us/azure/azure-resource-manager/management/tag-policies | https://learn.microsoft.com/en-us/azure/azure-resource-manager/management/tag-resources;"You have an Azure subscription named Subscription1 that contains the following resource group:

✑ Name: RG1
✑ Region: West US
✑ Tag: `tag1`: `value1`
You assign an Azure policy named Policy1 to Subscription1 by using the following configurations:

✑ Exclusions: None
✑ Policy definition: Append a tag and its value to resources
✑ Assignment name: Policy1
✑ Parameters:
✑ Tag name: tag2

Tag value: value2 -

After Policy1 is assigned, you create a storage account that has the following configuration:

✑ Name: storage1
✑ Location: West US
✑ Resource group: RG1
✑ Tags: `tag3`: `value3`
You need to identify which tags are assigned to each resource.

What should you identify? To answer, select the appropriate options in the answer area.

NOTE: Each correct selection is worth one point."
T4-Q39;Surveiller et maintenir les ressources Azure;Fiche question/réponse du support;theme;Non;"Number of email that Alert1 will send in an hour : 60
Number of SMS that Alert2 will send in an hour : 0 ( HERE ONLY ALERT1 IS MENTIONED SO ALERT
2 IS NOT MENTIONED )";"Number of email that Alert1 will send in an hour : 60
Number of SMS that Alert2 will send in an hour : 0 ( HERE ONLY ALERT1 IS MENTIONED SO ALERT
2 IS NOT MENTIONED )";https://learn.microsoft.com/en-us/azure/azure-monitor/alerts/action-groups;"You have an Azure subscription named Subscription1.

In Subscription1, you create an alert rule named Alert1.

The Alert1 action group is configured as shown in the following exhibit.

Alert1 alert criteria triggered every minute.

Use the drop-down menus to select the answer choice that completes each statement based on the information presented in the graphic.

NOTE: Each correct selection is worth one point."
T4-Q40;Déployer et gérer les ressources de calcul Azure;Fiche question/réponse du support;theme;Non;VM1, VM3, VMA, and VMC only;VM1, VM3, VMA, and VMC only;https://learn.microsoft.com/en-us/azure/backup/backup-azure-arm-restore-vms;"You have an Azure subscription named Subscription1 that contains the resources shown in the following table.

You create virtual machines in Subscription1 as shown in the following table.

You plan to use Vault1 for the backup of as many virtual machines as possible.

Which virtual machines can be backed up to Vault1?"
T4-Q41;Déployer et gérer les ressources de calcul Azure;Fiche question/réponse du support;theme;Non;the kubectl command / the az aks command;the kubectl command / the az aks command;https://learn.microsoft.com/en-us/azure/app-service/manage-scale-up;"You have an Azure Kubernetes Service (AKS) cluster named AKS1.

You need to configure cluster autoscaler for AKS1.

Which two tools should you use? Each correct answer presents a complete solution.

NOTE: Each correct selection is worth one point."
T4-Q42;Déployer et gérer les ressources de calcul Azure;Fiche question/réponse du support;theme;Non;Run the docker push command.;Run the docker push command.;https://learn.microsoft.com/en-us/azure/container-registry/container-registry-authentication;"You create the following resources in an Azure subscription:

✑ An Azure Container Registry instance named Registry1
✑ An Azure Kubernetes Service (AKS) cluster named Cluster1
You create a container image named App1 on your administrative workstation.

You need to deploy App1 to Cluster1.

What should you do first?"
T4-Q43;Déployer et gérer les ressources de calcul Azure;Fiche question/réponse du support;theme;Non;Proximity2 only;Proximity2 only;https://learn.microsoft.com/en-us/azure/role-based-access-control/role-assignments-portal;"You have an Azure subscription that contains the resources shown in the following table.

You need to configure a proximity placement group for VMSS1.

Which proximity placement groups should you use?"
T4-Q44;Gérer les identités et la gouvernance Azure;Fiche question/réponse du support;theme;Non;NO;NO;https://learn.microsoft.com/en-us/azure/azure-resource-manager/templates/deployment-modes;"Note: This question is part of a series of questions that present the same scenario. Each question in the series contains a unique solution that

might meet the stated goals. Some question sets might have more than one correct solution, while others might not have a correct solution.

After you answer a question in this section, you will NOT be able to return to it. As a result, these questions will not appear in the review screen.

You have an Azure subscription named Subscription1. Subscription1 contains a resource group named RG1. RG1 contains resources that were

deployed by using templates.

You need to view the date and time when the resources were created in RG1.

Solution: From the Subscriptions blade, you select the subscription, and then click Resource providers.

Does this meet the goal?"
T4-Q45;Gérer les identités et la gouvernance Azure;Fiche question/réponse du support;theme;Non;NO;NO;https://learn.microsoft.com/en-us/azure/azure-resource-manager/templates/deployment-modes;"Note: This question is part of a series of questions that present the same scenario. Each question in the series contains a unique solution that

might meet the stated goals. Some question sets might have more than one correct solution, while others might not have a correct solution.

After you answer a question in this section, you will NOT be able to return to it. As a result, these questions will not appear in the review screen.

You have an Azure subscription named Subscription1. Subscription1 contains a resource group named RG1. RG1 contains resources that were

deployed by using templates.

You need to view the date and time when the resources were created in RG1.

Solution: From the RG1 blade, you click Automation script.

Does this meet the goal?"
T4-Q46;Gérer les identités et la gouvernance Azure;Fiche question/réponse du support;theme;Non;YES;YES;https://learn.microsoft.com/en-us/azure/azure-resource-manager/templates/deployment-modes;"Note: This question is part of a series of questions that present the same scenario. Each question in the series contains a unique solution that

might meet the stated goals. Some question sets might have more than one correct solution, while others might not have a correct solution.

After you answer a question in this section, you will NOT be able to return to it. As a result, these questions will not appear in the review screen.

You have an Azure subscription named Subscription1. Subscription1 contains a resource group named RG1. RG1 contains resources that were

deployed by using templates.

You need to view the date and time when the resources were created in RG1.

Solution: From the RG1 blade, you click Deployments.

Does this meet the goal?"
T4-Q47;Déployer et gérer les ressources de calcul Azure;Fiche question/réponse du support;theme;Non;Linux Diagnostic Extension (LAD) 3.0;Linux Diagnostic Extension (LAD) 3.0;https://learn.microsoft.com/en-us/azure/azure-monitor/logs/log-query-overview;"You have an Azure subscription named Subscription1.

You deploy a Linux virtual machine named VM1 to Subscription1.

You need to monitor the metrics and the logs of VM1.

What should you use?"
T4-Q48;Déployer et gérer les ressources de calcul Azure;Fiche question/réponse du support;theme;Non;"Internet User : Can Connect Only Web Server on VM1
IF you delete rule 2 internet users : can connect dns server and Webserver";"Internet User : Can Connect Only Web Server on VM1
IF you delete rule 2 internet users : can connect dns server and Webserver";https://learn.microsoft.com/en-us/azure/dns/dns-domain-delegation;"You have an Azure subscription named Subscription1. Subscription1 contains a virtual machine named VM1.

You install and configure a web server and a DNS server on VM1.

VM1 has the effective network security rules shown in the following exhibit:

Use the drop-down menus to select the answer choice that completes each statement based on the information presented in the graphic.

NOTE: Each correct selection is worth one point."
T4-Q49;Déployer et gérer les ressources de calcul Azure;Exercice avec correction comparée aux sources;scenario;Non;each virtual machine in a separate Availability Zone;. each virtual machine in a separate Availability Zone;https://learn.microsoft.com/en-us/azure/virtual-machines/availability-set-overview;"You plan to deploy three Azure virtual machines named VM1, VM2, and VM3. The virtual machines will host a web app named App1.

You need to ensure that at least two virtual machines are available if a single Azure datacenter becomes unavailable.

What should you deploy?"
T4-Q50;Déployer et gérer les ressources de calcul Azure;Fiche question/réponse du support;theme;Non;resource group;resource group;https://learn.microsoft.com/en-us/azure/azure-resource-manager/templates/deployment-modes;"You have an Azure virtual machine named VM1 that runs Windows Server 2019.

You save VM1 as a template named Template1 to the Azure Resource Manager library.

You plan to deploy a virtual machine named VM2 from Template1.

What can you configure during the deployment of VM2?"
T4-Q51;Déployer et gérer les ressources de calcul Azure;Exercice avec correction comparée aux sources;scenario;Non;Modify the VM size property of VM1.;Modify the VM size property of VM1;https://learn.microsoft.com/en-us/azure/virtual-machines/sizes/resize-vm;"You have an Azure subscription that contains an Azure virtual machine named VM1. VM1 runs a financial reporting app named App1 that does not

support multiple active instances.

At the end of each month, CPU usage for VM1 peaks when App1 runs.

You need to create a scheduled runbook to increase the processor performance of VM1 at the end of each month.

What task should you include in the runbook?"
T4-Q52;Déployer et gérer les ressources de calcul Azure;Fiche question/réponse du support;theme;Non;A Desired State Configuration (DSC) extension;A Desired State Configuration (DSC) extension;https://learn.microsoft.com/en-us/azure/azure-resource-manager/templates/deployment-modes;"You plan to deploy several Azure virtual machines that will run Windows Server 2019 in a virtual machine scale set by using an Azure Resource

Manager template.

You need to ensure that NGINX is available on all the virtual machines after they are deployed.

What should you use?"
T4-Q53;Déployer et gérer les ressources de calcul Azure;Fiche question/réponse du support;theme;Non;"CONTAINER WILL ASSIGN IP IN SUBNET : POD CIDR
SERVICE IN AKS WILL ASSIGN IP OF : SERVICE CIDR";"CONTAINER WILL ASSIGN IP IN SUBNET : POD CIDR
SERVICE IN AKS WILL ASSIGN IP OF : SERVICE CIDR";https://learn.microsoft.com/en-us/azure/app-service/overview-hosting-plans;"You deploy an Azure Kubernetes Service (AKS) cluster that has the network profile shown in the following exhibit.

Use the drop-down menus to select the answer choice that completes each statement based on the information presented in the graphic.

NOTE: Each correct selection is worth one point."
T4-Q54;Déployer et gérer les ressources de calcul Azure;Fiche question/réponse du support;theme;Non;2 / 4;2 / 4;https://learn.microsoft.com/en-us/azure/app-service/manage-automatic-scaling;"You have the App Service plan shown in the following exhibit.

The scale-in settings for the App Service plan are configured as shown in the following exhibit.

The scale out rule is configured with the same duration and cool down tile as the scale in rule.

Use the drop-down menus to select the answer choice that completes each statement based on the information presented in the graphic.

NOTE: Each correct selection is worth one point."
T4-Q55;Déployer et gérer les ressources de calcul Azure;Exercice avec correction comparée aux sources;scenario;Non;the new files on drive D;the new files on drive D;https://learn.microsoft.com/en-us/azure/virtual-machines/windows/change-drive-letter;"You have an Azure virtual machine named VM1 that runs Windows Server 2019. The VM was deployed using default drive settings.

You sign in to VM1 as a user named User1 and perform the following actions:

✑ Create files on drive C.
✑ Create files on drive D.
✑ Modify the screen saver timeout.
✑ Change the desktop background.
You plan to redeploy VM1.

Which changes will be lost after you redeploy VM1?"
T4-Q56;Déployer et gérer les ressources de calcul Azure;Fiche question/réponse du support;theme;Non;the hard drive;the hard drive;https://learn.microsoft.com/en-us/azure/virtual-machines/availability-set-overview;"You have an Azure subscription.

You have an on-premises virtual machine named VM1. The settings for VM1 are shown in the exhibit. (Click the Exhibit tab.)

You need to ensure that you can use the disks attached to VM1 as a template for Azure virtual machines.

What should you modify on VM1?"
T4-Q57;Déployer et gérer les ressources de calcul Azure;Fiche question/réponse du support;theme;Non;4 / 1;4 / 1;https://learn.microsoft.com/en-us/azure/virtual-machines/extensions/custom-script-windows;"You have an Azure subscription that contains a virtual machine scale set. The scale set contains four instances that have the following

configurations:

✑ Operating system: Windows Server 2016
✑ Size: Standard_D1_v2
You run the get-azvmss cmdlet as shown in the following exhibit:

Use the drop-down menus to select the answer choice that completes each statement based on the information presented in the graphic.

NOTE: Each correct selection is worth one point."
T4-Q58;Déployer et gérer les ressources de calcul Azure;Fiche question/réponse du support;theme;Non;RG1;RG1;https://learn.microsoft.com/en-us/azure/azure-resource-manager/templates/deployment-modes;"You have an Azure subscription named Subscription1 that is used by several departments at your company. Subscription1 contains the resources

in the following table:

Another administrator deploys a virtual machine named VM1 and an Azure Storage account named storage2 by using a single Azure Resource

Manager template.

You need to view the template used for the deployment.

From which blade can you view the template that was used for the deployment?"
T4-Q59;Déployer et gérer les ressources de calcul Azure;Exercice avec correction comparée aux sources;scenario;Non;Swap the slots;SWAP THE slot;https://learn.microsoft.com/en-us/azure/app-service/deploy-staging-slots;"You have an Azure web app named App1. App1 has the deployment slots shown in the following table:

In webapp1-test, you test several changes to App1.

You back up App1.

You swap webapp1-test for webapp1-prod and discover that App1 is experiencing performance issues.

You need to revert to the previous version of App1 as quickly as possible.

What should you do?"
T4-Q60;Déployer et gérer les ressources de calcul Azure;Fiche question/réponse du support;theme;Non;VM1 or a new Azure virtual machine only / VM1 or a new Azure virtual machine only;VM1 or a new Azure virtual machine only / VM1 or a new Azure virtual machine only;https://learn.microsoft.com/en-us/azure/backup/backup-azure-arm-restore-vms;"You have an Azure subscription named Subscription1. Subscription1 contains two Azure virtual machines VM1 and VM2. VM1 and VM2 run

Windows Server

2016.

VM1 is backed up daily by Azure Backup without using the Azure Backup agent.

VM1 is affected by ransomware that encrypts data.

You need to restore the latest backup of VM1.

To which location can you restore the backup? To answer, select the appropriate options in the answer area.

NOTE: Each correct selection is worth one point."
T4-Q61;Déployer et gérer les ressources de calcul Azure;Fiche question/réponse du support;theme;Non;VM1 does not have the latest version of the Azure VM Agent (WaAppAgent.exe) installed.;VM1 does not have the latest version of the Azure VM Agent (WaAppAgent.exe) installed.;https://learn.microsoft.com/en-us/azure/backup/backup-azure-arm-restore-vms;"You plan to back up an Azure virtual machine named VM1.

You discover that the Backup Pre-Check status displays a status of Warning.

What is a possible cause of the Warning status?"
T4-Q62;Déployer et gérer les ressources de calcul Azure;Fiche question/réponse du support;theme;Non;NO;NO;https://learn.microsoft.com/en-us/azure/azure-resource-manager/templates/deployment-modes;"Note: This question is part of a series of questions that present the same scenario. Each question in the series contains a unique solution that

might meet the stated goals. Some question sets might have more than one correct solution, while others might not have a correct solution.

After you answer a question in this section, you will NOT be able to return to it. As a result, these questions will not appear in the review screen.

You have an Azure virtual machine named VM1. VM1 was deployed by using a custom Azure Resource Manager template named ARM1.json.

You receive a notification that VM1 will be affected by maintenance.

You need to move VM1 to a different host immediately.

Solution: From the Overview blade, you move the virtual machine to a different resource group.

Does this meet the goal?"
T4-Q63;Déployer et gérer les ressources de calcul Azure;Exercice avec correction comparée aux sources;scenario;Non;platformFaultDomainCount : 3 · platformUpdateDomainCount : 20;platformFaultDomainCount : 3 · platformUpdateDomainCount : 20;https://learn.microsoft.com/en-us/azure/virtual-machines/availability-set-overview;Dans une région qui prend en charge trois fault domains pour un availability set, quelles valeurs maximales configurer pour platformFaultDomainCount et platformUpdateDomainCount ?
T4-Q64;Surveiller et maintenir les ressources Azure;Fiche question/réponse du support;theme;Non;YES;YES;https://learn.microsoft.com/en-us/azure/azure-monitor/logs/log-query-overview;"Note: This question is part of a series of questions that present the same scenario. Each question in the series contains a unique solution that

might meet the stated goals. Some question sets might have more than one correct solution, while others might not have a correct solution.

After you answer a question in this section, you will NOT be able to return to it. As a result, these questions will not appear in the review screen.

You have an Azure virtual machine named VM1 that runs Windows Server 2016.

You need to create an alert in Azure when more than two error events are logged to the System event log on VM1 within an hour.

Solution: You create an Azure Log Analytics workspace and configure the Agent configuration settings. You install the Microsoft Monitoring Agent

on VM1. You create an alert in Azure Monitor and specify the Log Analytics workspace as the source.

Does this meet the goal?"
T4-Q65;Déployer et gérer les ressources de calcul Azure;Fiche question/réponse du support;theme;Non;3 / 1;3 / 1;https://learn.microsoft.com/en-us/azure/virtual-machines/extensions/custom-script-windows;"You have an Azure subscription.

You deploy a virtual machine scale set that is configured as shown in the following exhibit.

Use the drop-down menus to select the answer choice that answers each question based on the information presented in the graphic

NOTE: Each correct selection is worth one point."
T4-Q66;Déployer et gérer les ressources de calcul Azure;Fiche question/réponse du support;theme;Non;West US, Central US, or East US;West US, Central US, or East US;https://learn.microsoft.com/en-us/azure/app-service/overview-hosting-plans;"You have web apps in the West US, Central US and East US Azure regions.

You have the App Service plans shown in the following table.

You plan to create an additional App Service plan named ASP5 that will use the Linux operating system.

You need to identify in which of the currently used locations you can deploy ASP5.

What should you recommend?"
T4-Q67;Déployer et gérer les ressources de calcul Azure;Fiche question/réponse du support;theme;Non;a Desired State Configuration (DSC) extension;a Desired State Configuration (DSC) extension;https://learn.microsoft.com/en-us/azure/azure-resource-manager/templates/deployment-modes;"You plan to deploy several Azure virtual machines that will run Windows Server 2019 in a virtual machine scale set by using an Azure Resource

Manager template.

You need to ensure that NGINX is available on all the virtual machines after they are deployed.

What should you use?"
T4-Q68;Déployer et gérer les ressources de calcul Azure;Exercice avec correction comparée aux sources;scenario;Non;Cmdlet de déploiement dans le groupe : New-AzResourceGroupDeployment · Paramètre désignant le groupe RG1 : -ResourceGroupName RG1;Cmdlet de déploiement dans le groupe : New-AzResourceGroupDeployment · Paramètre désignant le groupe RG1 : -ResourceGroupName RG1;https://learn.microsoft.com/en-us/azure/azure-resource-manager/templates/template-tutorial-use-key-vault;"You have an Azure subscription that contains the resources shown in the following table.

In Azure Cloud Shell, you need to create a virtual machine by using an Azure Resource Manager (ARM) template.

How should you complete the command? To answer, select the appropriate options in the answer area.

NOTE: Each correct selection is worth one point."
T4-Q69;Déployer et gérer les ressources de calcul Azure;Fiche question/réponse du support;theme;Non;No;No;https://learn.microsoft.com/en-us/azure/app-service/overview-hosting-plans;"Note: This question is part of a series of questions that present the same scenario. Each question in the series contains a unique solution that

might meet the stated goals. Some questions sets might have more than one correct solution, while others might not have a correct solution.

After you answer a question in this section, you will NOT be able to return to it. As a result, these questions will not appear in the review screen.

You deploy an Azure Kubernetes Service (AKS) cluster named AKS1.

You need to deploy a YAML file to AKS1.

Solution: From Azure Cloud Shell, you run az aks.

Does this meet the goal?"
T4-Q70;Surveiller et maintenir les ressources Azure;Fiche question/réponse du support;theme;Non;"NO
=> INSTALL Microsoft Monitoring Agent not Extension";"NO
=> INSTALL Microsoft Monitoring Agent not Extension";https://learn.microsoft.com/en-us/azure/azure-monitor/logs/log-query-overview;"Note: This question is part of a series of questions that present the same scenario. Each question in the series contains a unique solution that

might meet the stated goals. Some question sets might have more than one correct solution, while others might not have a correct solution.

After you answer a question in this section, you will NOT be able to return to it. As a result, these questions will not appear in the review screen.

You have an Azure virtual machine named VM1 that runs Windows Server 2016.

You need to create an alert in Azure when more than two error events are logged to the System event log on VM1 within an hour.

Solution: You create an Azure Log Analytics workspace and configure the data settings. You add the Microsoft Monitoring Agent VM extension to

VM1. You create an alert in Azure Monitor and specify the Log Analytics workspace as the source.

Does this meet the goal?"
T4-Q71;Surveiller et maintenir les ressources Azure;Fiche question/réponse du support;theme;Non;yes;yes;https://learn.microsoft.com/en-us/azure/azure-monitor/logs/log-query-overview;"Note: This question is part of a series of questions that present the same scenario. Each question in the series contains a unique solution that

might meet the stated goals. Some question sets might have more than one correct solution, while others might not have a correct solution.

After you answer a question in this section, you will NOT be able to return to it. As a result, these questions will not appear in the review screen.

You have an Azure virtual machine named VM1 that runs Windows Server 2016.

You need to create an alert in Azure when more than two error events are logged to the System event log on VM1 within an hour.

Solution: You create an Azure Log Analytics workspace and configure the data settings. You install the Microsoft Monitoring Agent on VM1. You

create an alert in

Azure Monitor and specify the Log Analytics workspace as the source.

Does this meet the goal?"
T4-Q72;Déployer et gérer les ressources de calcul Azure;Fiche question/réponse du support;theme;Non;From VM2, install the Microsoft Azure Recovery Services Agent;From VM2, install the Microsoft Azure Recovery Services Agent;https://learn.microsoft.com/en-us/azure/backup/backup-azure-arm-restore-vms;"You have an Azure subscription that contains the resources shown in the following table.

All virtual machines run Windows Server 2016.

On VM1, you back up a folder named Folder1 as shown in the following exhibit.

You plan to restore the backup to a different virtual machine.

You need to restore the backup to VM2.

What should you do first?"
T4-Q73;Déployer et gérer les ressources de calcul Azure;Exercice avec correction comparée aux sources;scenario;Non;Champ de boucle pour les disques : copy · Fonction de l’index de disque : copyIndex;Champ de boucle pour les disques : copy · Fonction de l’index de disque : copyIndex;https://learn.microsoft.com/en-us/azure/azure-resource-manager/templates/copy-resources;Un modèle ARM crée un nombre paramétrable de dataDisks pour une VM. Quel bloc répète les éléments de la liste et quelle fonction donne leur index ?
T4-Q74;Implémenter et gérer les réseaux virtuels;Fiche question/réponse du support;theme;Non;Yes;Yes;https://learn.microsoft.com/en-us/azure/role-based-access-control/role-assignments-portal;"Note: This question is part of a series of questions that present the same scenario. Each question in the series contains a unique solution that

might meet the stated goals. Some question sets might have more than one correct solution, while others might not have a correct solution.

After you answer a question in this section, you will NOT be able to return to it. As a result, these questions will not appear in the review screen.

You have an Azure subscription named Subscription1 that contains the resources shown in the following table.

Subscription1 also includes a virtual network named VNET2. VM1 connects to a virtual network named VNET2 by using a network interface

named NIC1.

You need to create a new network interface named NIC2 for VM1.

Solution: You create NIC2 in RG1 and West US.

Does this meet the goal?"
T4-Q75;Implémenter et gérer les réseaux virtuels;Fiche question/réponse du support;theme;Non;NO;NO;https://learn.microsoft.com/en-us/azure/role-based-access-control/role-assignments-portal;"Note: This question is part of a series of questions that present the same scenario. Each question in the series contains a unique solution that

might meet the stated goals. Some question sets might have more than one correct solution, while others might not have a correct solution.

After you answer a question in this section, you will NOT be able to return to it. As a result, these questions will not appear in the review screen.

You have an Azure subscription named Subscription1 that contains the resources shown in the following table.

Subscription1 also includes a virtual network named VNET2. VM1 connects to a virtual network named VNET2 by using a network interface

named NIC1.

You need to create a new network interface named NIC2 for VM1.

Solution: You create NIC2 in RG2 and Central US.

Does this meet the goal?"
T4-Q76;Implémenter et gérer les réseaux virtuels;Fiche question/réponse du support;theme;Non;Yes;Yes;https://learn.microsoft.com/en-us/azure/role-based-access-control/role-assignments-portal;"Note: This question is part of a series of questions that present the same scenario. Each question in the series contains a unique solution that

might meet the stated goals. Some question sets might have more than one correct solution, while others might not have a correct solution.

After you answer a question in this section, you will NOT be able to return to it. As a result, these questions will not appear in the review screen.

You have an Azure subscription named Subscription1 that contains the resources shown in the following table.

Subscription1 also includes a virtual network named VNET2. VM1 connects to a virtual network named VNET2 by using a network interface

named NIC1.

You need to create a new network interface named NIC2 for VM1.

Solution: You create NIC2 in RG2 and West US.

Does this meet the goal?"
T4-Q77;Implémenter et gérer le stockage;Fiche question/réponse du support;theme;Non;"New-AzDeployment
New-AzDeployment: This cmdlet is used to deploy resources defined in an ARM template. It is similar to
New-AzResourceGroupDeployment but is more generic and allows deploying resources to various scope
s, not just a resource group.";"New-AzDeployment
New-AzDeployment: This cmdlet is used to deploy resources defined in an ARM template. It is similar to
New-AzResourceGroupDeployment but is more generic and allows deploying resources to various scope
s, not just a resource group.";https://learn.microsoft.com/en-us/azure/azure-resource-manager/templates/deployment-modes;"You develop the following Azure Resource Manager (ARM) template to create a resource group and deploy an Azure Storage account to the

resource group.

Which cmdlet should you run to deploy the template?"
T4-Q78;Déployer et gérer les ressources de calcul Azure;Exercice avec correction comparée aux sources;scenario;Non;Créer pour héberger le backup App Service planifié : An Azure Storage account · Fichier à placer dans wwwroot pour exclure Folder2 : A _backup.filter file;Créer pour héberger le backup App Service planifié : An Azure Storage account · Fichier à placer dans wwwroot pour exclure Folder2 : A _backup.filter file;https://learn.microsoft.com/en-us/azure/app-service/manage-backup;"You have an Azure App Service app named WebApp1 that contains two folders named Folder1 and Folder2.

You need to configure a daily backup of WebApp1. The solution must ensure that Folder2 is excluded from the backup.

What should you create first, and what should you use to exclude Folder2? To answer, select the appropriate options in the answer area.

NOTE: Each correct selection is worth one point."
T4-Q79;Déployer et gérer les ressources de calcul Azure;Fiche question/réponse du support;theme;Non;Azure Custom Script Extension;Azure Custom Script Extension;https://learn.microsoft.com/en-us/azure/azure-resource-manager/templates/deployment-modes;"You plan to deploy several Azure virtual machines that will run Windows Server 2019 in a virtual machine scale set by using an Azure Resource

Manager template.

You need to ensure that NGINX is available on all the virtual machines after they are deployed.

What should you use?"
T4-Q80;Déployer et gérer les ressources de calcul Azure;Exercice avec correction comparée aux sources;scenario;Non;Type de ressource ARM de l’extension de jonction : Microsoft.Compute/virtualMachines/extensions · Propriété contenant le mot de passe sensible : protectedSettings;Type de ressource ARM de l’extension de jonction : Microsoft.Compute/virtualMachines/extensions · Propriété contenant le mot de passe sensible : protectedSettings;https://learn.microsoft.com/en-us/entra/identity/domain-services/join-windows-vm-template;"You have an Azure subscription. The subscription contains a virtual machine that runs Windows 10.

You need to join the virtual machine to an Active Directory domain.

How should you complete the Azure Resource Manager (ARM) template? To answer, select the appropriate options in the answer area.

NOTE: Each correct selection is worth one point."
T4-Q82;Déployer et gérer les ressources de calcul Azure;Fiche question/réponse du support;theme;Non;add / --max-surge 2;add / --max-surge 2;https://learn.microsoft.com/en-us/azure/app-service/overview-hosting-plans;"You are creating an Azure Kubernetes Services (AKS) cluster as shown in the following exhibit.

Use the drop-down menus to select the answer choice that completes each statement based on the information presented in the graphic.

NOTE: Each correct selection is worth one point."
T4-Q83;Déployer et gérer les ressources de calcul Azure;Fiche question/réponse du support;theme;Non;yes / no / yes;yes / no / yes;https://learn.microsoft.com/en-us/azure/app-service/overview-hosting-plans;"You have an Azure subscription that contains an Azure Kubernetes Service (AKS) cluster named Cluster1. Cluster1 hosts a node pool named

Pool1 that has four nodes.

You need to perform a coordinated upgrade of Cluster1. The solution must meet the following requirements:

• Deploy two new nodes to perform the upgrade.

• Minimize costs.

How should you complete the command? To answer, select the appropriate options in the answer area.

NOTE: Each correct selection is worth one point."
T4-Q84;Gérer les identités et la gouvernance Azure;Exercice avec correction comparée aux sources;scenario;Non;La création du groupe RG1 et des trois comptes de stockage donne quatre nouvelles ressources. : Oui · Les comptes de stockage sont créés dans West US. : Non · Le premier compte de stockage a un nom qui commence par 0. : Oui;La création du groupe RG1 et des trois comptes de stockage donne quatre nouvelles ressources. : Oui · Les comptes de stockage sont créés dans West US. : Non · Le premier compte de stockage a un nom qui commence par 0. : Oui;https://learn.microsoft.com/en-us/azure/azure-resource-manager/templates/copy-resources | https://learn.microsoft.com/en-us/rest/api/storagerp/srp_sku_types;"You have an Azure subscription.

You create the following file named Deploy.json.

You connect to the subscription and run the following commands.

For each of the following statements, select Yes if the statement is true. Otherwise, select No.

NOTE: Each correct selection is worth one point."
T4-Q85;Déployer et gérer les ressources de calcul Azure;Exercice avec correction comparée aux sources;scenario;Non;Azure Custom Script Extension;Azure Custom Script Extension;https://learn.microsoft.com/en-us/azure/virtual-machines/extensions/custom-script-windows;"You plan to deploy several Azure virtual machines that will run Windows Server 2019 in a virtual machine scale set by using an Azure Resource

Manager template.

You need to ensure that NGINX is available on all the virtual machines after they are deployed.

What should you use?"
T4-Q86;Gérer les identités et la gouvernance Azure;Exercice avec correction comparée aux sources;scenario;Non;Paramètre du groupe cible : -ResourceGroupName RG1 · Mode qui retire les ressources absentes du modèle : Complete;Paramètre du groupe cible : -ResourceGroupName RG1 · Mode qui retire les ressources absentes du modèle : Complete;https://learn.microsoft.com/en-us/azure/azure-resource-manager/templates/deployment-modes;Vous lancez New-AzResourceGroupDeployment -TemplateUri … -TemplateParameterFile params.json pour RG1. Quel paramètre indique le groupe et quel mode ARM historique supprime les ressources du groupe absentes du modèle ?
T4-Q87;Déployer et gérer les ressources de calcul Azure;Exercice avec correction comparée aux sources;scenario;Non;Plafond d’instances du profil autoscale : 5 · Cooldown après une action scale-out : 5 minutes;Plafond d’instances du profil autoscale : 5 · Cooldown après une action scale-out : 5 minutes;https://learn.microsoft.com/en-us/azure/azure-monitor/autoscale/autoscale-understanding-settings;L’App Service plan a une règle d’autoscale : minimum 1, maximum 5, augmentation d’une instance quand CPU > 70 % sur 10 minutes, cooldown 5 minutes. Quel est le plafond et le délai minimal entre deux actions de cette règle ?
T4-Q88;Déployer et gérer les ressources de calcul Azure;Exercice avec correction comparée aux sources;scenario;Non;Instance3 and Instance4 only;Instance3 and Instance4 only;https://learn.microsoft.com/en-us/azure/container-instances/container-instances-container-groups;"You have an Azure subscription.

You plan to deploy the Azure container instances shown in the following table.

Which instances can you deploy to a container group?"
T4-Q89;Déployer et gérer les ressources de calcul Azure;Fiche question/réponse du support;theme;Non;Azure Custom Script Extension;Azure Custom Script Extension;https://learn.microsoft.com/en-us/azure/virtual-machines/extensions/custom-script-windows;"You plan to deploy several Azure virtual machines that will run Windows Server 2019 in a virtual machine scale set by using an Azure Resource

Manager template.

You need to ensure that NGINX is available on all the virtual machines after they are deployed.

What should you use?"
T4-Q90;Implémenter et gérer les réseaux virtuels;Exercice avec correction comparée aux sources;scenario;Non;IP1 only;IP1 only;https://learn.microsoft.com/en-us/azure/firewall/firewall-faq;Vous déployez Azure Firewall Premium. Les IP disponibles sont IP1 (IPv4, Standard, régionale, statique), IP2 (IPv4, Standard, globale, statique), IP3 (IPv4, Basic, régionale, dynamique), IP4 (IPv4, Basic, régionale, statique) et IP5 (IPv6, Standard, régionale, statique). Lesquelles conviennent ?
T4-Q91;Déployer et gérer les ressources de calcul Azure;Exercice avec correction comparée aux sources;scenario;Non;Fonction ARM dans dependsOn pour l’ID de la NIC : resourceId · Propriété de storageProfile pour publisher/offer/sku/version : imageReference;Fonction ARM dans dependsOn pour l’ID de la NIC : resourceId · Propriété de storageProfile pour publisher/offer/sku/version : imageReference;https://learn.microsoft.com/en-us/azure/azure-resource-manager/templates/resource-dependency | https://learn.microsoft.com/en-us/azure/virtual-machines/windows/template-description;"You have an Azure subscription.

You need to deploy a virtual machine by using an Azure Resource Manager (ARM) template.

How should you complete the template? To answer, select the appropriate options in the answer area.

NOTE: Each correct selection is worth one point."
T4-Q92;Déployer et gérer les ressources de calcul Azure;Exercice avec correction comparée aux sources;scenario;Non;App Service plan pour les domaines personnalisés : Standard · Enregistrement pour vérifier un sous-domaine : TXT;App Service plan pour les domaines personnalisés : Standard · Enregistrement pour vérifier un sous-domaine : TXT;https://learn.microsoft.com/en-us/azure/app-service/app-service-web-tutorial-custom-domain;"You need to configure a new Azure App Service app named WebApp1. The solution must meet the following requirements:

• WebApp1 must be able to verify a custom domain name of app.contoso.com.

• WebApp1 must be able to automatically scale up to eight instances.

• Costs and administrative effort must be minimized.

Which pricing plan should you choose, and which type of record should you use to verify the domain? To answer, select the appropriate options in

the answer area.

NOTE: Each correct answer is worth one point."
T4-Q93;Déployer et gérer les ressources de calcul Azure;Exercice avec correction comparée aux sources;scenario;Non;Le disque système de VM1 (Gen2, West Europe) peut servir de source à Image1 (Gen1). : Non · Le disque système de VM2 (Gen1, East US) peut servir de source à Image1. : Oui · Le disque système de VM3 (Gen1, West US) peut servir directement de source à une version de Image1 créée en East US. : Non;Le disque système de VM1 (Gen2, West Europe) peut servir de source à Image1 (Gen1). : Non · Le disque système de VM2 (Gen1, East US) peut servir de source à Image1. : Oui · Le disque système de VM3 (Gen1, West US) peut servir directement de source à une version de Image1 créée en East US. : Non;https://learn.microsoft.com/en-us/azure/virtual-machines/image-version;"You have an Azure subscription that contains the virtual machines shown in the following table.

You create an Azure Compute Gallery named ComputeGallery1 as shown in the Azure Compute Gallery exhibit. (Click the Azure Compute Gallery

tab.)

In ComputeGallery1, you create a virtual machine image definition named Image1 as shown in the image definition exhibit. (Click the Image

Definition tab.)

For each of the following statements, select Yes if the statement is true. Otherwise, select No,

NOTE: Each correct selection is worth one point."
T4-Q94;Déployer et gérer les ressources de calcul Azure;Exercice avec correction comparée aux sources;scenario;Non;2;2;https://learn.microsoft.com/en-us/azure/app-service/overview-hosting-plans;Vous devez héberger quatre Web Apps dans une même région : WebApp1 (.NET 8), WebApp2 (ASP.NET Framework 4.8), WebApp3 (PHP 8.3) et WebApp4 (Python 3.12). Combien de plans App Service au minimum faut-il, compte tenu de la séparation Windows/Linux ?
T4-Q95;Gérer les identités et la gouvernance Azure;Exercice avec correction comparée aux sources;scenario;Non;Le modèle crée RG0 dans East US. : Oui · Le modèle crée quatre nouveaux groupes de ressources. : Non · Le modèle crée RG3 dans West US. : Non;Le modèle crée RG0 dans East US. : Oui · Le modèle crée quatre nouveaux groupes de ressources. : Non · Le modèle crée RG3 dans West US. : Non;https://learn.microsoft.com/en-us/azure/azure-resource-manager/templates/copy-resources | https://learn.microsoft.com/en-us/azure/azure-resource-manager/templates/deploy-to-subscription;"You have an Azure subscription that contains the resource groups shown in the following table.

You create the following Azure Resource Manager (ARM) template named deploy.json.

You deploy the template by running the following cmdlet.

For each of the following statements, select Yes if the statement is true. Otherwise, select No.

NOTE: Each correct selection is worth one point."
T4-Q96;Déployer et gérer les ressources de calcul Azure;Fiche question/réponse du support;theme;Non;"Image 1 : CONTAINER INSTANCE , App Service Only
Image 2 : CONTAINER INSTANCE , App Service Only , Container Apps";"Image 1 : CONTAINER INSTANCE , App Service Only
Image 2 : CONTAINER INSTANCE , App Service Only , Container Apps";https://learn.microsoft.com/en-us/azure/app-service/manage-automatic-scaling;"You have an Azure App Service app named App1 that contains two running instances.

You have an autoscale rule configured as shown in the following exhibit.

For the Instance limits scale condition setting, you set Maximum to 5.

During a 30-minute period, App1 uses 80 percent of the available memory.

What is the maximum number of instances for App1 during the 30-minute period?"
T4-Q97;Déployer et gérer les ressources de calcul Azure;Exercice avec correction comparée aux sources;scenario;Non;Image1 (Windows Server) : Azure Container Instances and App Services only · Image2 (Linux) : Azure Container Instances, Azure Container Apps, and App Services;Image1 (Windows Server) : Azure Container Instances and App Services only · Image2 (Linux) : Azure Container Instances, Azure Container Apps, and App Services;https://learn.microsoft.com/en-us/azure/container-apps/containers | https://learn.microsoft.com/en-us/azure/container-instances/container-instances-faq | https://learn.microsoft.com/en-us/azure/app-service/quickstart-custom-container;"You have an Azure subscription that contains the container images shown in the following table.

You plan to use the following services:

• Azure Container Instances

• Azure Container Apps

• Azure App Service

In which services can you run the images? To answer, select the options in the answer area.

NOTE: Each correct answer is worth one point."
T4-Q98;Déployer et gérer les ressources de calcul Azure;Exercice avec correction comparée aux sources;scenario;Non;Create an access policy for KV1 and assign the Microsoft Azure App Service principal to the policy.;Create an access policy for KV1 and assign the Microsoft Azure App Service principal to the policy.;https://learn.microsoft.com/en-us/azure/app-service/configure-ssl-certificate;"You have an Azure AD tenant named contoso.com.

You have an Azure subscription that contains an Azure App Service web app named App1 and an Azure key vault named KV1. KV1 contains a

wildcard certificate for contoso.com.

You have a user named user1@contoso.com that is assigned the Owner role for App1 and KV1.

You need to configure App1 to use the wildcard certificate of KV1.

What should you do first?"
T4-Q99;Déployer et gérer les ressources de calcul Azure;Exercice avec correction comparée aux sources;scenario;Non;NIC1;NIC1;https://learn.microsoft.com/en-us/azure/azure-resource-manager/templates/resource-dependency;"You have an Azure subscription.

You plan to deploy the resources shown in the following table.

You need to create a single Azure Resource Manager (ARM) template that will be used to deploy the resources.

Which resource should be added to the dependsOn section for VM1?"
T4-Q100;Gérer les identités et la gouvernance Azure;Exercice avec correction comparée aux sources;scenario;Non;New-AzSubscriptionDeployment;New-AzSubscriptionDeployment;https://learn.microsoft.com/en-us/azure/azure-resource-manager/templates/deploy-to-subscription;Votre modèle ARM Template.json crée un groupe de ressources (Microsoft.Resources/resourceGroups) au niveau de l’abonnement. Quel cmdlet PowerShell exécute ce déploiement depuis Cloud Shell ?
T4-Q101;Implémenter et gérer le stockage;Exercice avec correction comparée aux sources;scenario;Non;scope;scope;https://learn.microsoft.com/en-us/azure/azure-resource-manager/bicep/deploy-to-resource-group;"File1.bicep commence par targetScope = ""subscription"". Vous voulez désormais déployer storage1 dans le groupe RG1 avec File1. Parmi kind, scope, sku et location, quel réglage de portée faut-il modifier ?"
T4-Q102;Gérer les identités et la gouvernance Azure;Exercice avec correction comparée aux sources;scenario;Non;Une VM peut être déployée dans RG1 (verrou CanNotDelete). : Oui · Une VM peut être déployée dans RG2 (verrou ReadOnly). : Non · RG3, absent de la boucle RG0 à RG2, peut être créé manuellement. : Oui;Une VM peut être déployée dans RG1 (verrou CanNotDelete). : Oui · Une VM peut être déployée dans RG2 (verrou ReadOnly). : Non · RG3, absent de la boucle RG0 à RG2, peut être créé manuellement. : Oui;https://learn.microsoft.com/en-us/azure/azure-resource-manager/templates/copy-resources | https://learn.microsoft.com/en-us/azure/azure-resource-manager/management/lock-resources;"Your company purchases a new Azure subscription.

You create a file named Deploy.json as shown in the following exhibit.

You connect to the subscription and run the following cmdlet.

New-AzDeployment -Location westus -TemplateFile “deploy.json”

For each of the following statements, select Yes if the statement is true. Otherwise, select No.

NOTE: Each correct selection is worth one point."
T4-Q103;Déployer et gérer les ressources de calcul Azure;Fiche question/réponse du support;theme;Non;A. Proximity2 only;A. Proximity2 only;https://learn.microsoft.com/en-us/azure/role-based-access-control/role-assignments-portal;"You have an Azure subscription that contains the resources shown in the following table.

You need to configure a proximity placement group for VMSS1.

Which proximity placement groups should you use?"
T4-Q104;Déployer et gérer les ressources de calcul Azure;Fiche question/réponse du support;theme;Non;WebApp1 peut communiquer avec VM2 via le peering. : Oui · NSG1 régit le trafic entrant public vers WebApp1 multitenant. : Non · WebApp2 en environnement isolé peut communiquer avec VM1 via le peering. : Oui;WebApp1 peut communiquer avec VM2 via le peering. : Oui · NSG1 régit le trafic entrant public vers WebApp1 multitenant. : Non · WebApp2 en environnement isolé peut communiquer avec VM1 via le peering. : Oui;https://learn.microsoft.com/en-us/azure/app-service/overview-vnet-integration | https://learn.microsoft.com/en-us/azure/virtual-network/network-security-groups-overview;"You have an Azure subscription that contains the virtual networks shown in the following table.

The subscription contains the virtual machines shown in the following table.

The subscription contains the Azure App Service web apps shown in the following table.

For each of the following statements, select Yes if the statement is true. Otherwise, select No.

NOTE: Each correct selection is worth one point."
T4-Q105;Déployer et gérer les ressources de calcul Azure;Fiche question/réponse du support;theme;Non;D. VM1, VM3, VMA, and VMC only;D. VM1, VM3, VMA, and VMC only;https://learn.microsoft.com/en-us/azure/backup/backup-azure-arm-restore-vms;"You have an Azure subscription named Subscription1 that contains the resources shown in the following table.

You create virtual machines in Subscription1 as shown in the following table.

You plan to use Vault1 for the backup of as many virtual machines as possible.

Which virtual machines can be backed up to Vault1?"
T4-Q106;Gérer les identités et la gouvernance Azure;Exercice avec correction comparée aux sources;scenario;Non;ContReg1;ContReg1;https://learn.microsoft.com/en-us/azure/container-registry/container-registry-authentication;"You have an Azure subscription that contains an Azure container registry named ContReg1.

You enable the Admin user for ContReg1.

Which username can you use to sign in to ContReg1?"
T5-Q1;Déployer et gérer les ressources de calcul Azure;Fiche question/réponse du support;theme;Non;an internal load balancer / an application gateway that uses the waf tier;an internal load balancer / an application gateway that uses the waf tier;https://learn.microsoft.com/en-us/azure/load-balancer/components;"You have an Azure subscription named Sub1.

You plan to deploy a multi-tiered application that will contain the tiers shown in the following table.

You need to recommend a networking solution to meet the following requirements:

✑ Ensure that communication between the web servers and the business logic tier spreads equally across the virtual machines.
✑ Protect the web servers from SQL injection attacks.
Which Azure resource should you recommend for each requirement? To answer, select the appropriate options in the answer area.

NOTE: Each correct selection is worth one point."
T5-Q2;Implémenter et gérer les réseaux virtuels;Fiche question/réponse du support;theme;Non;three virtual hubs and one virtual WAN;three virtual hubs and one virtual WAN;https://learn.microsoft.com/en-us/azure/virtual-wan/virtual-wan-site-to-site-portal;"Your company has three offices. The offices are located in Miami, Los Angeles, and New York. Each office contains datacenter.

You have an Azure subscription that contains resources in the East US and West US Azure regions. Each region contains a virtual network. The

virtual networks are peered.

You need to connect the datacenters to the subscription. The solution must minimize network latency between the datacenters.

What should you create?"
T5-Q3;Implémenter et gérer les réseaux virtuels;Fiche question/réponse du support;theme;Non;5 / 1;5 / 1;https://learn.microsoft.com/en-us/azure/virtual-network/network-security-groups-overview;"You plan to deploy five virtual machines to a virtual network subnet.

Each virtual machine will have a public IP address and a private IP address.

Each virtual machine requires the same inbound and outbound security rules.

What is the minimum number of network interfaces and network security groups that you require? To answer, select the appropriate options in the

answer area.

NOTE: Each correct selection is worth one point."
T5-Q4;Déployer et gérer les ressources de calcul Azure;Exercice avec correction comparée aux sources;scenario;Non;a frontend IP address;a frontend IP address;https://learn.microsoft.com/en-us/azure/load-balancer/inbound-nat-rules;"You have an Azure subscription that contains the resources shown in the following table.

LB1 is configured as shown in the following table.

You plan to create new inbound NAT rules that meet the following requirements:

✑ Provide Remote Desktop access to VM1 from the internet by using port 3389.
✑ Provide Remote Desktop access to VM2 from the internet by using port 3389.
What should you create on LB1 before you can create the new inbound NAT rules?"
T5-Q5;Déployer et gérer les ressources de calcul Azure;Fiche question/réponse du support;theme;Non;Private Ip addresses Only / Private Ip addresses Only;Private Ip addresses Only / Private Ip addresses Only;https://learn.microsoft.com/en-us/azure/dns/private-dns-autoregistration;"You have Azure virtual machines that run Windows Server 2019 and are configured as shown in the following table.

You create a private Azure DNS zone named adatum.com. You configure the adatum.com zone to allow auto registration from VNET1.

Which A records will be added to the adatum.com zone for each virtual machine? To answer, select the appropriate options in the answer area.

NOTE: Each correct selection is worth one point."
T5-Q6;Implémenter et gérer les réseaux virtuels;Fiche question/réponse du support;theme;Non;Log Analytic Worksapce / NSG1;Log Analytic Worksapce / NSG1;https://learn.microsoft.com/en-us/azure/virtual-network/network-security-groups-overview;"You have an Azure virtual network named VNet1 that connects to your on-premises network by using a site-to-site VPN. VNet1 contains one

subnet named

Sunet1.

Subnet1 is associated to a network security group (NSG) named NSG1. Subnet1 contains a basic internal load balancer named ILB1. ILB1 has

three Azure virtual machines in the backend pool.

You need to collect data about the IP addresses that connects to ILB1. You must be able to run interactive queries from the Azure portal against

the collected data.

What should you do? To answer, select the appropriate options in the answer area.

NOTE: Each correct selection is worth one point."
T5-Q7;Implémenter et gérer les réseaux virtuels;Fiche question/réponse du support;theme;Non;VNet3 and VNet4 only;VNet3 and VNet4 only;https://learn.microsoft.com/en-us/azure/virtual-network/virtual-network-peering-overview;"You have the Azure virtual networks shown in the following table.

To which virtual networks can you establish a peering connection from VNet1?"
T5-Q8;Implémenter et gérer les réseaux virtuels;Fiche question/réponse du support;theme;Non;"Deploy a standard load balancer
Add two load balancing rules that have HA Ports and Floating IP enabled
Add a frontend IP configuration, two backend pools, and a health probe";"Deploy a standard load balancer
Add two load balancing rules that have HA Ports and Floating IP enabled
Add a frontend IP configuration, two backend pools, and a health probe";https://learn.microsoft.com/en-us/azure/load-balancer/load-balancer-custom-probe-overview;"You have an Azure subscription that contains a virtual network named VNet1. VNet1 contains four subnets named Gateway, Perimeter, NVA, and

Production.

The NVA subnet contains two network virtual appliances (NVAs) that will perform network traffic inspection between the Perimeter subnet and the

Production subnet.

You need to implement an Azure load balancer for the NVAs. The solution must meet the following requirements:

✑ The NVAs must run in an active-active configuration that uses automatic failover.
✑ The load balancer must load balance traffic to two services on the Production subnet. The services have different IP addresses.
Which three actions should you perform? Each correct answer presents part of the solution.

NOTE: Each correct selection is worth one point."
T5-Q9;Implémenter et gérer les réseaux virtuels;Fiche question/réponse du support;theme;Non;. Download and re-install the VPN client configuration package on Client1.;. Download and re-install the VPN client configuration package on Client1.;https://learn.microsoft.com/en-us/azure/virtual-network/virtual-network-peering-overview;"You have an Azure subscription named Subscription1 that contains two Azure virtual networks named VNet1 and VNet2. VNet1 contains a VPN

gateway named

VPNGW1 that uses static routing. There is a site-to-site VPN connection between your on-premises network and VNet1.

On a computer named Client1 that runs Windows 10, you configure a point-to-site VPN connection to VNet1.

You configure virtual network peering between VNet1 and VNet2. You verify that you can connect to VNet2 from the on-premises network. Client1

is unable to connect to VNet2.

You need to ensure that you can connect Client1 to VNet2.

What should you do?"
T5-Q10;Implémenter et gérer les réseaux virtuels;Fiche question/réponse du support;theme;Non;yes / yes / no;yes / yes / no;https://learn.microsoft.com/en-us/azure/dns/dns-domain-delegation;"You have an Azure subscription. The subscription contains virtual machines that run Windows Server 2016 and are configured as shown in the

following table.

You create a public Azure DNS zone named adatum.com and a private Azure DNS zone named contoso.com.

You create a virtual network link for contoso.com as shown in the following exhibit.

For each of the following statements, select Yes if the statement is true. Otherwise, select No.

NOTE: Each correct selection is worth one point."
T5-Q11;Implémenter et gérer les réseaux virtuels;Fiche question/réponse du support;theme;Non;the subnets on VNet3 only;the subnets on VNet3 only;https://learn.microsoft.com/en-us/azure/role-based-access-control/role-assignments-portal;"You have an Azure subscription that contains the resources in the following table.

To which subnets can you apply NSG1?"
T5-Q12;Implémenter et gérer les réseaux virtuels;Fiche question/réponse du support;theme;Non;"REMOVE PEERING BETWEEN VNET1AND VNET2 / ADD NEW address RANGE / recreate T
HE PEERING BETWEEN VNET1 AND VNET2";"REMOVE PEERING BETWEEN VNET1AND VNET2 / ADD NEW address RANGE / recreate T
HE PEERING BETWEEN VNET1 AND VNET2";https://learn.microsoft.com/en-us/azure/virtual-network/virtual-network-peering-overview;"You have an Azure subscription that contains two virtual networks named VNet1 and VNet2. Virtual machines connect to the virtual networks.

The virtual networks have the address spaces and the subnets configured as shown in the following table.

You need to add the address space of 10.33.0.0/16 to VNet1. The solution must ensure that the hosts on VNet1 and VNet2 can communicate.

Which three actions should you perform in sequence? To answer, move the appropriate actions from the list of actions to the answer area and

arrange them in the correct order."
T5-Q13;Déployer et gérer les ressources de calcul Azure;Fiche question/réponse du support;theme;Non;YES / YES / NO;YES / YES / NO;https://learn.microsoft.com/en-us/azure/virtual-machines/availability-set-overview;"You have an Azure subscription that contains the resource groups shown in the following table.

RG1 contains the resources shown in the following table.

VM1 is running and connects to NIC1 and Disk1. NIC1 connects to VNET1.

RG2 contains a public IP address named IP2 that is in the East US location. IP2 is not assigned to a virtual machine.

For each of the following statements, select Yes if the statement is true. Otherwise, select No.

NOTE: Each correct selection is worth one point."
T5-Q14;Déployer et gérer les ressources de calcul Azure;Exercice avec correction comparée aux sources;scenario;Non;Connect webapp1 to VNET1;Connect webapp1 to VNET1;https://learn.microsoft.com/en-us/azure/app-service/overview-vnet-integration;"You have an Azure web app named webapp1.

You have a virtual network named VNET1 and an Azure virtual machine named VM1 that hosts a MySQL database. VM1 connects to VNET1.

You need to ensure that webapp1 can access the data hosted on VM1.

What should you do?"
T5-Q15;Déployer et gérer les ressources de calcul Azure;Fiche question/réponse du support;theme;Non;Start VM1.;Start VM1.;https://learn.microsoft.com/en-us/azure/virtual-machines/availability-set-overview;"You create an Azure VM named VM1 that runs Windows Server 2019.

VM1 is configured as shown in the exhibit. (Click the Exhibit tab.)

You need to enable Desired State Configuration for VM1.

What should you do first?"
T5-Q16;Déployer et gérer les ressources de calcul Azure;Exercice avec correction comparée aux sources;scenario;Non;Session persistence = Client IP;Session persistence = Client IP;https://learn.microsoft.com/en-us/azure/load-balancer/distribution-mode-concepts;LB1 équilibre un site en HTTP et HTTPS sur plusieurs VM. Pour qu’une même adresse IP cliente soit dirigée vers la même VM pour les deux ports, quel paramètre de règle de distribution configurer ?
T5-Q17;Implémenter et gérer les réseaux virtuels;Fiche question/réponse du support;theme;Non;NO;NO;https://learn.microsoft.com/en-us/azure/virtual-network/network-security-groups-overview;"Note: This question is part of a series of questions that present the same scenario. Each question in the series contains a unique solution that

might meet the stated goals. Some question sets might have more than one correct solution, while others might not have a correct solution.

After you answer a question in this section, you will NOT be able to return to it. As a result, these questions will not appear in the review screen.

You have an Azure subscription that contains the following resources:

✑ A virtual network that has a subnet named Subnet1
✑ Two network security groups (NSGs) named NSG-VM1 and NSG-Subnet1
✑ A virtual machine named VM1 that has the required Windows Server configurations to allow Remote Desktop connections
NSG-Subnet1 has the default inbound security rules only.

NSG-VM1 has the default inbound security rules and the following custom inbound security rule:

✑ Priority: 100
✑ Source: Any
✑ Source port range: *
✑ Destination: *
✑ Destination port range: 3389
✑ Protocol: UDP
✑ Action: Allow
VM1 has a public IP address and is connected to Subnet1. NSG-VM1 is associated to the network interface of VM1. NSG-Subnet1 is associated to

Subnet1.

You need to be able to establish Remote Desktop connections from the internet to VM1.

Solution: You add an inbound security rule to NSG-Subnet1 that allows connections from the Any source to the *destination for port range 3389

and uses the TCP protocol. You remove NSG-VM1 from the network interface of VM1.

Does this meet the goal?"
T5-Q18;Implémenter et gérer les réseaux virtuels;Fiche question/réponse du support;theme;Non;YES;YES;https://learn.microsoft.com/en-us/azure/virtual-network/network-security-groups-overview;"Note: This question is part of a series of questions that present the same scenario. Each question in the series contains a unique solution that

might meet the stated goals. Some question sets might have more than one correct solution, while others might not have a correct solution.

After you answer a question in this section, you will NOT be able to return to it. As a result, these questions will not appear in the review screen.

You have an Azure subscription that contains the following resources:

✑ A virtual network that has a subnet named Subnet1
✑ Two network security groups (NSGs) named NSG-VM1 and NSG-Subnet1
✑ A virtual machine named VM1 that has the required Windows Server configurations to allow Remote Desktop connections
NSG-Subnet1 has the default inbound security rules only.

NSG-VM1 has the default inbound security rules and the following custom inbound security rule:

✑ Priority: 100
✑ Source: Any
✑ Source port range: *
✑ Destination: *
✑ Destination port range: 3389

Protocol: UDP -

✑ Action: Allow
VM1 has a public IP address and is connected to Subnet1. NSG-VM1 is associated to the network interface of VM1. NSG-Subnet1 is associated to

Subnet1.

You need to be able to establish Remote Desktop connections from the internet to VM1.

Solution: You add an inbound security rule to NSG-Subnet1 that allows connections from the internet source to the VirtualNetwork destination for

port range 3389 and uses the UDP protocol.

Does this meet the goal?"
T5-Q19;Implémenter et gérer les réseaux virtuels;Fiche question/réponse du support;theme;Non;YES;YES;https://learn.microsoft.com/en-us/azure/virtual-network/network-security-groups-overview;"Note: This question is part of a series of questions that present the same scenario. Each question in the series contains a unique solution that

might meet the stated goals. Some question sets might have more than one correct solution, while others might not have a correct solution.

After you answer a question in this section, you will NOT be able to return to it. As a result, these questions will not appear in the review screen.

You have an Azure subscription that contains the following resources:

✑ A virtual network that has a subnet named Subnet1
✑ Two network security groups (NSGs) named NSG-VM1 and NSG-Subnet1
✑ A virtual machine named VM1 that has the required Windows Server configurations to allow Remote Desktop connections
NSG-Subnet1 has the default inbound security rules only.

NSG-VM1 has the default inbound security rules and the following custom inbound security rule:

✑ Priority: 100
✑ Source: Any
✑ Source port range: *
✑ Destination: *
✑ Destination port range: 3389
✑ Protocol: UDP
✑ Action: Allow
VM1 has a public IP address and is connected to Subnet1. NSG-VM1 is associated to the network interface of VM1. NSG-Subnet1 is associated to

Subnet1.

You need to be able to establish Remote Desktop connections from the internet to VM1.

Solution: You add an inbound security rule to NSG-Subnet1 and NSG-VM1 that allows connections from the internet source to the VirtualNetwork

destination for port range 3389 and uses the TCP protocol.

Does this meet the goal?"
T5-Q20;Implémenter et gérer les réseaux virtuels;Fiche question/réponse du support;theme;Non;ADD AN ADDRESS SPACE / ADD AN NIC;ADD AN ADDRESS SPACE / ADD AN NIC;https://learn.microsoft.com/en-us/azure/virtual-network/update-virtual-network-peering-address-space | https://learn.microsoft.com/fr-fr/azure/virtual-network/ip-services/virtual-networks-static-private-ip;"You have a virtual network named VNet1 that has the configuration shown in the following exhibit.

Use the drop-down menus to select the answer choice that completes each statement based on the information presented in the graphic.

NOTE: Each correct selection is worth one point."
T5-Q21;Implémenter et gérer les réseaux virtuels;Exercice avec correction comparée aux sources;scenario;Non;1;1;https://learn.microsoft.com/en-us/azure/virtual-network/network-security-groups-overview;"You have an Azure subscription that contains a virtual network named VNET1. VNET1 contains the subnets shown in the following table.

Each virtual machine uses a static IP address.

You need to create network security groups (NSGs) to meet following requirements:

✑ Allow web requests from the internet to VM3, VM4, VM5, and VM6.
✑ Allow all connections between VM1 and VM2.
✑ Allow Remote Desktop connections to VM1.
✑ Prevent all other network traffic to VNET1.
What is the minimum number of NSGs you should create?"
T5-Q22;Déployer et gérer les ressources de calcul Azure;Fiche question/réponse du support;theme;Non;Remove Microsoft.Compute/virtualMachines from the policy;Remove Microsoft.Compute/virtualMachines from the policy;https://learn.microsoft.com/en-us/azure/governance/policy/concepts/compliance-states;"You have an Azure subscription that contains the resources shown in the following table.

The Not allowed resource types Azure policy that has policy enforcement enabled is assigned to RG1 and uses the following parameters:

Microsoft.Network/virtualNetworks

Microsoft.Compute/virtualMachines

In RG1, you need to create a new virtual machine named VM2, and then connect VM2 to VNET1.

What should you do first?"
T5-Q23;Implémenter et gérer les réseaux virtuels;Fiche question/réponse du support;theme;Non;Azure PowerShell;Azure PowerShell;https://learn.microsoft.com/en-us/azure/dns/dns-domain-delegation;"Your company has an Azure subscription named Subscription1.

The company also has two on-premises servers named Server1 and Server2 that run Windows Server 2016. Server1 is configured as a DNS server

that has a primary DNS zone named adatum.com. Adatum.com contains 1,000 DNS records.

You manage Server1 and Subscription1 from Server2. Server2 has the following tools installed:

✑ The DNS Manager console
✑ Azure PowerShell
✑ Azure CLI 2.0
You need to move the adatum.com zone to an Azure DNS zone in Subscription1. The solution must minimize administrative effort.

What should you use?"
T5-Q24;Déployer et gérer les ressources de calcul Azure;Exercice avec correction comparée aux sources;scenario;Non;an inbound NAT rule;an inbound NAT rule;https://learn.microsoft.com/en-us/azure/load-balancer/inbound-nat-rules;"You have a public load balancer that balances ports 80 and 443 across three virtual machines named VM1, VM2, and VM3.

You need to direct all the Remote Desktop Protocol (RDP) connections to VM3 only.

What should you configure?"
T5-Q25;Implémenter et gérer les réseaux virtuels;Fiche question/réponse du support;theme;Non;YES / NO / NO;YES / NO / NO;https://learn.microsoft.com/en-us/azure/load-balancer/load-balancer-custom-probe-overview;"You have an Azure subscription named Subscription1 that contains the virtual networks in the following table.

Subscription1 contains the virtual machines in the following table.

In Subscription1, you create a load balancer that has the following configurations:

✑ Name: LB1
✑ SKU: Basic
✑ Type: Internal
✑ Subnet: Subnet12
✑ Virtual network: VNET1
For each of the following statements, select Yes if the statement is true. Otherwise, select No.

NOTE: Each correct selection is worth one point."
T5-Q26;Implémenter et gérer les réseaux virtuels;Exercice avec correction comparée aux sources;scenario;Non;Zone permettant l’enregistrement automatique d’une VM dans un VNet lié : Private DNS zone;Zone permettant l’enregistrement automatique d’une VM dans un VNet lié : Private DNS zone;https://learn.microsoft.com/en-us/azure/dns/private-dns-autoregistration;Quel type de zone DNS Azure peut enregistrer automatiquement les adresses privées des VM d’un VNet lié ?
T5-Q27;Implémenter et gérer les réseaux virtuels;Exercice avec correction comparée aux sources;scenario;Non;Étape 1 : Create GatewaySubnet · Étape 2 : Create VPN gateway · Étape 3 : Create local network gateway · Étape 4 : Create VPN connection;Étape 1 : Create GatewaySubnet · Étape 2 : Create VPN gateway · Étape 3 : Create local network gateway · Étape 4 : Create VPN connection;https://learn.microsoft.com/en-us/azure/vpn-gateway/tutorial-site-to-site-portal;Classez quatre étapes pour établir un VPN site à site : sous-réseau de passerelle, passerelle Azure, passerelle réseau locale, connexion.
T5-Q28;Implémenter et gérer les réseaux virtuels;Fiche question/réponse du support;theme;Non;Associate the NSG to Subnet1.;Associate the NSG to Subnet1.;https://learn.microsoft.com/en-us/azure/virtual-network/network-security-groups-overview;"You have an Azure subscription that contains the resources in the following table.

VM1 and VM2 are deployed from the same template and host line-of-business applications.

You configure the network security group (NSG) shown in the exhibit. (Click the Exhibit tab.)

You need to prevent users of VM1 and VM2 from accessing websites on the Internet over TCP port 80.

What should you do?"
T5-Q29;Déployer et gérer les ressources de calcul Azure;Fiche question/réponse du support;theme;Non;Provision virtual network gateway;Provision virtual network gateway;https://learn.microsoft.com/en-us/azure/virtual-machines/availability-set-overview;"You have two subscriptions named Subscription1 and Subscription2. Each subscription is associated to a different Azure AD tenant.

Subscription1 contains a virtual network named VNet1. VNet1 contains an Azure virtual machine named VM1 and has an IP address space of

10.0.0.0/16.

Subscription2 contains a virtual network named VNet2. VNet2 contains an Azure virtual machine named VM2 and has an IP address space of

10.10.0.0/24.

You need to connect VNet1 to VNet2.

What should you do first?"
T5-Q30;Déployer et gérer les ressources de calcul Azure;Fiche question/réponse du support;theme;Non;Availability options / Use managed disks;Availability options / Use managed disks;https://learn.microsoft.com/en-us/azure/virtual-machines/availability-set-overview;"You plan to create an Azure virtual machine named VM1 that will be configured as shown in the following exhibit.

The planned disk configurations for VM1 are shown in the following exhibit.

You need to ensure that VM1 can be created in an Availability Zone.

Which two settings should you modify? Each correct answer presents part of the solution.

NOTE: Each correct selection is worth one point."
T5-Q31;Déployer et gérer les ressources de calcul Azure;Fiche question/réponse du support;theme;Non;RG1 , RG2 & RG 3 ONLY / WEST US ONLY;RG1 , RG2 & RG 3 ONLY / WEST US ONLY;https://learn.microsoft.com/en-us/azure/virtual-machines/availability-set-overview;"You have an Azure subscription that contains the resources shown in the following table.

VMSS1 is set to VM (virtual machines) orchestration mode.

You need to deploy a new Azure virtual machine named VM1, and then add VM1 to VMSS1.

Which resource group and location should you use to deploy VM1? To answer, select the appropriate options in the answer area.

NOTE: Each correct selection is worth one point."
T5-Q32;Implémenter et gérer les réseaux virtuels;Fiche question/réponse du support;theme;Non;VNET2 AND VNET 3 ONLY / VNET 1 ONLY;VNET2 AND VNET 3 ONLY / VNET 1 ONLY;https://learn.microsoft.com/en-us/azure/virtual-network/virtual-network-peering-overview;"You have an Azure subscription that contains three virtual networks named VNET1, VNET2, and VNET3.

Peering for VNET1 is configured as shown in the following exhibit.

Peering for VNET2 is configured as shown in the following exhibit.

Peering for VNET3 is configured as shown in the following exhibit.

How can packets be routed between the virtual networks? To answer, select the appropriate options in the answer area.

NOTE: Each correct selection is worth one point."
T5-Q33;Implémenter et gérer les réseaux virtuels;Fiche question/réponse du support;theme;Non;NO;NO;https://learn.microsoft.com/en-us/azure/vpn-gateway/vpn-gateway-about-vpngateways;"Note: This question is part of a series of questions that present the same scenario. Each question in the series contains a unique solution that

might meet the stated goals. Some question sets might have more than one correct solution, while others might not have a correct solution.

After you answer a question in this section, you will NOT be able to return to it. As a result, these questions will not appear in the review screen.

You have a computer named Computer1 that has a point-to-site VPN connection to an Azure virtual network named VNet1. The point-to-site

connection uses a self-signed certificate.

From Azure, you download and install the VPN client configuration package on a computer named Computer2.

You need to ensure that you can establish a point-to-site VPN connection to VNet1 from Computer2.

Solution: You modify the Azure Active Directory (Azure AD) authentication policies.

Does this meet the goal?"
T5-Q34;Implémenter et gérer les réseaux virtuels;Fiche question/réponse du support;theme;Non;NO;NO;https://learn.microsoft.com/en-us/azure/vpn-gateway/vpn-gateway-about-vpngateways;"Note: This question is part of a series of questions that present the same scenario. Each question in the series contains a unique solution that

might meet the stated goals. Some question sets might have more than one correct solution, while others might not have a correct solution.

After you answer a question in this section, you will NOT be able to return to it. As a result, these questions will not appear in the review screen.

You have a computer named Computer1 that has a point-to-site VPN connection to an Azure virtual network named VNet1. The point-to-site

connection uses a self-signed certificate.

From Azure, you download and install the VPN client configuration package on a computer named Computer2.

You need to ensure that you can establish a point-to-site VPN connection to VNet1 from Computer2.

Solution: You join Computer2 to Azure Active Directory (Azure AD).

Does this meet the goal?"
T5-Q35;Implémenter et gérer les réseaux virtuels;Fiche question/réponse du support;theme;Non;NO;NO;https://learn.microsoft.com/en-us/azure/virtual-network/network-security-groups-overview;"Note: This question is part of a series of questions that present the same scenario. Each question in the series contains a unique solution that

might meet the stated goals. Some question sets might have more than one correct solution, while others might not have a correct solution.

After you answer a question in this section, you will NOT be able to return to it. As a result, these questions will not appear in the review screen.

You have an Azure subscription that contains 10 virtual networks. The virtual networks are hosted in separate resource groups.

Another administrator plans to create several network security groups (NSGs) in the subscription.

You need to ensure that when an NSG is created, it automatically blocks TCP port 8080 between the virtual networks.

Solution: You create a resource lock, and then you assign the lock to the subscription.

Does this meet the goal?"
T5-Q36;Déployer et gérer les ressources de calcul Azure;Fiche question/réponse du support;theme;Non;Start Vm1;Start Vm1;https://learn.microsoft.com/en-us/azure/virtual-machines/availability-set-overview;"You have an Azure subscription named Subscription1. Subscription1 contains a virtual machine named VM1.

You have a computer named Computer1 that runs Windows 10. Computer1 is connected to the Internet.

You add a network interface named vm1173 to VM1 as shown in the exhibit. (Click the Exhibit tab.)

From Computer1, you attempt to connect to VM1 by using Remote Desktop, but the connection fails.

You need to establish a Remote Desktop connection to VM1.

What should you do first?"
T5-Q37;Déployer et gérer les ressources de calcul Azure;Fiche question/réponse du support;theme;Non;Configure peering between VNET1, VNET2, and VNET3;Configure peering between VNET1, VNET2, and VNET3;https://learn.microsoft.com/en-us/azure/dns/dns-domain-delegation;"You have the Azure virtual machines shown in the following table.

A DNS service is installed on VM1.

You configure the DNS servers settings for each virtual network as shown in the following exhibit.

You need to ensure that all the virtual machines can resolve DNS names by using the DNS service on VM1.

What should you do?"
T5-Q38;Implémenter et gérer les réseaux virtuels;Fiche question/réponse du support;theme;Non;NO / YES / YES;NO / YES / YES;https://learn.microsoft.com/en-us/azure/virtual-network/network-security-groups-overview;"You have an Azure subscription that contains the Azure virtual machines shown in the following table.

You add inbound security rules to a network security group (NSG) named NSG1 as shown in the following table.

You run Azure Network Watcher as shown in the following exhibit.

You run Network Watcher again as shown in the following exhibit.

For each of the following statements, select Yes if the statement is true. Otherwise, select No.

NOTE: Each correct selection is worth one point."
T5-Q39;Implémenter et gérer les réseaux virtuels;Fiche question/réponse du support;theme;Non;Create a deny rule in a network security group (NSG) that is linked to Subnet1;Create a deny rule in a network security group (NSG) that is linked to Subnet1;https://learn.microsoft.com/en-us/azure/vpn-gateway/vpn-gateway-about-vpngateways;"You have the Azure virtual network named VNet1 that contains a subnet named Subnet1. Subnet1 contains three Azure virtual machines. Each

virtual machine has a public IP address.

The virtual machines host several applications that are accessible over port 443 to users on the Internet.

Your on-premises network has a site-to-site VPN connection to VNet1.

You discover that the virtual machines can be accessed by using the Remote Desktop Protocol (RDP) from the Internet and from the on-premises

network.

You need to prevent RDP access to the virtual machines from the Internet, unless the RDP connection is established from the on-premises

network. The solution must ensure that all the applications can still be accessed by the Internet users.

What should you do?"
T5-Q40;Déployer et gérer les ressources de calcul Azure;Exercice avec correction comparée aux sources;scenario;Non;Associate NIC1 to ASG1;Associate NIC1 to ASG1;https://learn.microsoft.com/en-us/azure/virtual-network/application-security-groups;"You have an Azure subscription that contains the resources in the following table.

Subnet1 is associated to VNet1. NIC1 attaches VM1 to Subnet1.

You need to apply ASG1 to VM1.

What should you do?"
T5-Q41;Implémenter et gérer les réseaux virtuels;Fiche question/réponse du support;theme;Non;"Create a VPN gateway that uses the VpnGw1 SKU
Create a local site VPN gateway
Create a connection";"Create a VPN gateway that uses the VpnGw1 SKU
Create a local site VPN gateway
Create a connection";https://learn.microsoft.com/en-us/azure/vpn-gateway/vpn-gateway-about-vpngateways;"You have an Azure subscription named Subscription1 that contains an Azure virtual network named VNet1. VNet1 connects to your on-premises

network by using

Azure ExpressRoute.

You plan to prepare the environment for automatic failover in case of ExpressRoute failure.

You need to connect VNet1 to the on-premises network by using a site-to-site VPN. The solution must minimize cost.

Which three actions should you perform? Each correct answer presents part of the solution.

NOTE: Each correct selection is worth one point."
T5-Q42;Implémenter et gérer les réseaux virtuels;Fiche question/réponse du support;theme;Non;VNET6 Only / Delete Peerig1;VNET6 Only / Delete Peerig1;https://learn.microsoft.com/en-us/azure/virtual-network/virtual-network-peering-overview;"You have peering configured as shown in the following exhibit.

Use the drop-down menus to select the answer choice that completes each statement based on the information presented in the graphic.

NOTE: Each correct selection is worth one point."
T5-Q43;Déployer et gérer les ressources de calcul Azure;Fiche question/réponse du support;theme;Non;YES / YES / NO;YES / YES / NO;https://learn.microsoft.com/en-us/azure/role-based-access-control/role-assignments-portal;"You have an Azure subscription that contains the resources in the following table.

You install the Web Server server role (IIS) on VM1 and VM2, and then add VM1 and VM2 to LB1.

LB1 is configured as shown in the LB1 exhibit. (Click the LB1 tab.)

Rule1 is configured as shown in the Rule1 exhibit. (Click the Rule1 tab.)

For each of the following statements, select Yes if the statement is true. Otherwise, select No.

NOTE: Each correct selection is worth one point."
T5-Q44;Implémenter et gérer les réseaux virtuels;Fiche question/réponse du support;theme;Non;Remove Public IP from VM / Create and Configure NSG;Remove Public IP from VM / Create and Configure NSG;https://learn.microsoft.com/en-us/azure/virtual-machines/availability-set-overview;"You have an Azure virtual machine named VM1 that connects to a virtual network named VNet1. VM1 has the following configurations:

✑ Subnet: 10.0.0.0/24
✑ Availability set: AVSet
✑ Network security group (NSG): None
✑ Private IP address: 10.0.0.4 (dynamic)
✑ Public IP address: 40.90.219.6 (dynamic)
You deploy a standard, Internet-facing load balancer named slb1.

You need to configure slb1 to allow connectivity to VM1.

Which changes should you apply to VM1 as you configure slb1? To answer, select the appropriate options in the answer area.

NOTE: Each correct selection is worth one point."
T5-Q45;Implémenter et gérer les réseaux virtuels;Fiche question/réponse du support;theme;Non;EastUS only;EastUS only;https://learn.microsoft.com/en-us/entra/identity/role-based-access-control/permissions-reference;"You have an Azure subscription that contains the resources shown in the following table.

You need to create a network interface named NIC1.

In which location can you create NIC1?"
T5-Q46;Déployer et gérer les ressources de calcul Azure;Exercice avec correction comparée aux sources;scenario;Non;Configure the name servers for adatum.com at the domain registrar;Configure the name servers for adatum.com at the domain registrar;https://learn.microsoft.com/en-us/azure/dns/dns-delegate-domain-azure-dns;"You have Azure virtual machines that run Windows Server 2019 and are configured as shown in the following table.

You create a public Azure DNS zone named adatum.com and a private Azure DNS zone named contoso.com.

For controso.com, you create a virtual network link named link1 as shown in the exhibit. (Click the Exhibit tab.)

You discover that VM1 can resolve names in contoso.com but cannot resolve names in adatum.com. VM1 can resolve other hosts on the Internet.

You need to ensure that VM1 can resolve host names in adatum.com.

What should you do?"
T5-Q47;Déployer et gérer les ressources de calcul Azure;Exercice avec correction comparée aux sources;scenario;Non;Identifier la règle NSG qui bloque un paquet : IP flow verify · Tester la connectivité sortante vers un hôte externe : Connection troubleshoot;Identifier la règle NSG qui bloque un paquet : IP flow verify · Tester la connectivité sortante vers un hôte externe : Connection troubleshoot;https://learn.microsoft.com/en-us/azure/network-watcher/ip-flow-verify-overview | https://learn.microsoft.com/en-us/azure/network-watcher/connection-monitor-overview;"You plan to use Azure Network Watcher to perform the following tasks:

✑ Task1: Identify a security rule that prevents a network packet from reaching an Azure virtual machine.
✑ Task2: Validate outbound connectivity from an Azure virtual machine to an external host.
Which feature should you use for each task? To answer, select the appropriate options in the answer area.

NOTE: Each correct selection is worth one point."
T5-Q48;Implémenter et gérer les réseaux virtuels;Fiche question/réponse du support;theme;Non;YES / NO / YES;YES / NO / YES;https://learn.microsoft.com/en-us/azure/dns/dns-domain-delegation;"You have an Azure subscription that contains the Azure virtual machines shown in the following table.

You configure the network interfaces of the virtual machines to use the settings shown in the following table.

From the settings of VNET1 you configure the DNS servers shown in the following exhibit.

The virtual machines can successfully connect to the DNS server that has an IP address of 192.168.10.15 and the DNS server that has an IP

address of

193.77.134.10.

For each of the following statements, select Yes if the statement is true. Otherwise, select No.

NOTE: Each correct selection is worth one point."
T5-Q49;Gérer les identités et la gouvernance Azure;Exercice avec correction comparée aux sources;scenario;Non;IP2 uniquement;IP2 uniquement;https://learn.microsoft.com/en-us/azure/azure-resource-manager/management/lock-resources | https://learn.microsoft.com/en-us/azure/azure-resource-manager/management/move-resource-group-and-subscription;RG1 contient storage2 (verrou CanNotDelete), VNET2 (verrou ReadOnly) et IP2 (aucun verrou). RG2 porte un verrou CanNotDelete. Quelle ressource de RG1 peut être déplacée vers RG2 sans retirer de verrou ?
T5-Q50;Implémenter et gérer les réseaux virtuels;Fiche question/réponse du support;theme;Non;NO;NO;https://learn.microsoft.com/en-us/azure/load-balancer/load-balancer-custom-probe-overview;"Note: This question is part of a series of questions that present the same scenario. Each question in the series contains a unique solution that

might meet the stated goals. Some question sets might have more than one correct solution, while others might not have a correct solution.

After you answer a question in this section, you will NOT be able to return to it. As a result, these questions will not appear in the review screen.

You have an Azure subscription that contains the virtual machines shown in the following table.

You deploy a load balancer that has the following configurations:

✑ Name: LB1
✑ Type: Internal
✑ SKU: Standard
✑ Virtual network: VNET1
You need to ensure that you can add VM1 and VM2 to the backend pool of LB1.

Solution: You create a Basic SKU public IP address, associate the address to the network interface of VM1, and then start VM1.

Does this meet the goal?"
T5-Q51;Implémenter et gérer les réseaux virtuels;Fiche question/réponse du support;theme;Non;NO;NO;https://learn.microsoft.com/en-us/azure/load-balancer/load-balancer-custom-probe-overview;"Note: This question is part of a series of questions that present the same scenario. Each question in the series contains a unique solution that

might meet the stated goals. Some question sets might have more than one correct solution, while others might not have a correct solution.

After you answer a question in this section, you will NOT be able to return to it. As a result, these questions will not appear in the review screen.

You have an Azure subscription that contains the virtual machines shown in the following table.

You deploy a load balancer that has the following configurations:

✑ Name: LB1
✑ Type: Internal
✑ SKU: Standard
✑ Virtual network: VNET1
You need to ensure that you can add VM1 and VM2 to the backend pool of LB1.

Solution: You create a Standard SKU public IP address, associate the address to the network interface of VM1, and then stop VM2.

Does this meet the goal?"
T5-Q52;Implémenter et gérer les réseaux virtuels;Fiche question/réponse du support;theme;Non;YES;YES;https://learn.microsoft.com/en-us/azure/load-balancer/load-balancer-custom-probe-overview;"Note: This question is part of a series of questions that present the same scenario. Each question in the series contains a unique solution that

might meet the stated goals. Some question sets might have more than one correct solution, while others might not have a correct solution.

After you answer a question in this section, you will NOT be able to return to it. As a result, these questions will not appear in the review screen.

You have an Azure subscription that contains the virtual machines shown in the following table.

You deploy a load balancer that has the following configurations:

✑ Name: LB1
✑ Type: Internal
✑ SKU: Standard
✑ Virtual network: VNET1
You need to ensure that you can add VM1 and VM2 to the backend pool of LB1.

Solution: You create two Standard SKU public IP addresses and associate a Standard SKU public IP address to the network interface of each

virtual machine.

Does this meet the goal?"
T5-Q53;Implémenter et gérer les réseaux virtuels;Fiche question/réponse du support;theme;Non;YES;YES;https://learn.microsoft.com/en-us/azure/vpn-gateway/vpn-gateway-about-vpngateways;"Note: This question is part of a series of questions that present the same scenario. Each question in the series contains a unique solution that

might meet the stated goals. Some question sets might have more than one correct solution, while others might not have a correct solution.

After you answer a question in this section, you will NOT be able to return to it. As a result, these questions will not appear in the review screen.

You have a computer named Computer1 that has a point-to-site VPN connection to an Azure virtual network named VNet1. The point-to-site

connection uses a self-signed certificate.

From Azure, you download and install the VPN client configuration package on a computer named Computer2.

You need to ensure that you can establish a point-to-site VPN connection to VNet1 from Computer2.

Solution: You export the client certificate from Computer1 and install the certificate on Computer2.

Does this meet the goal?"
T5-Q54;Déployer et gérer les ressources de calcul Azure;Fiche question/réponse du support;theme;Non;For Rule5, change the Action to Allow and change the priority to 401;For Rule5, change the Action to Allow and change the priority to 401;https://learn.microsoft.com/en-us/azure/virtual-machines/availability-set-overview;"You have an Azure virtual machine named VM1.

The network interface for VM1 is configured as shown in the exhibit. (Click the Exhibit tab.)

You deploy a web server on VM1, and then create a secure website that is accessible by using the HTTPS protocol. VM1 is used as a web server

only.

You need to ensure that users can connect to the website from the Internet.

What should you do?"
T5-Q55;Implémenter et gérer les réseaux virtuels;Fiche question/réponse du support;theme;Non;NO;NO;https://learn.microsoft.com/en-us/azure/virtual-network/network-security-groups-overview;"Note: This question is part of a series of questions that present the same scenario. Each question in the series contains a unique solution that

might meet the stated goals. Some question sets might have more than one correct solution, while others might not have a correct solution.

After you answer a question in this section, you will NOT be able to return to it. As a result, these questions will not appear in the review screen.

You have an Azure subscription that contains 10 virtual networks. The virtual networks are hosted in separate resource groups.

Another administrator plans to create several network security groups (NSGs) in the subscription.

You need to ensure that when an NSG is created, it automatically blocks TCP port 8080 between the virtual networks.

Solution: From the Resource providers blade, you unregister the Microsoft.ClassicNetwork provider.

Does this meet the goal?"
T5-Q56;Implémenter et gérer les réseaux virtuels;Fiche question/réponse du support;theme;Non;YES / YES / NO;YES / YES / NO;https://learn.microsoft.com/en-us/azure/role-based-access-control/role-assignments-portal;"You manage two Azure subscriptions named Subscription1 and Subscription2.

Subscription1 has following virtual networks:

The virtual networks contain the following subnets:

Subscription2 contains the following virtual network:

✑ Name: VNETA
✑ Address space: 10.10.128.0/17
✑ Location: Canada Central
VNETA contains the following subnets:

For each of the following statements, select Yes if the statement is true. Otherwise, select No.

NOTE: Each correct selection is worth one point."
T5-Q57;Déployer et gérer les ressources de calcul Azure;Fiche question/réponse du support;theme;Non;NO;NO;https://learn.microsoft.com/en-us/azure/load-balancer/load-balancer-custom-probe-overview;"Note: This question is part of a series of questions that present the same scenario. Each question in the series contains a unique solution that

might meet the stated goals. Some question sets might have more than one correct solution, while others might not have a correct solution.

After you answer a question in this section, you will NOT be able to return to it. As a result, these questions will not appear in the review screen.

You have an app named App1 that is installed on two Azure virtual machines named VM1 and VM2. Connections to App1 are managed by using

an Azure Load

Balancer.

The effective network security configurations for VM2 are shown in the following exhibit.

You discover that connections to App1 from 131.107.100.50 over TCP port 443 fail.

You verify that the Load Balancer rules are configured correctly.

You need to ensure that connections to App1 can be established successfully from 131.107.100.50 over TCP port 443.

Solution: You create an inbound security rule that denies all traffic from the 131.107.100.50 source and has a cost of 64999.

Does this meet the goal?"
T5-Q58;Déployer et gérer les ressources de calcul Azure;Fiche question/réponse du support;theme;Non;YES;YES;https://learn.microsoft.com/en-us/azure/load-balancer/load-balancer-custom-probe-overview;"Note: This question is part of a series of questions that present the same scenario. Each question in the series contains a unique solution that

might meet the stated goals. Some question sets might have more than one correct solution, while others might not have a correct solution.

After you answer a question in this section, you will NOT be able to return to it. As a result, these questions will not appear in the review screen.

You have an app named App1 that is installed on two Azure virtual machines named VM1 and VM2. Connections to App1 are managed by using

an Azure Load

Balancer.

The effective network security configurations for VM2 are shown in the following exhibit.

You discover that connections to App1 from 131.107.100.50 over TCP port 443 fail.

You verify that the Load Balancer rules are configured correctly.

You need to ensure that connections to App1 can be established successfully from 131.107.100.50 over TCP port 443.

Solution: You delete the BlockAllOther443 inbound security rule.

Does this meet the goal?"
T5-Q59;Déployer et gérer les ressources de calcul Azure;Fiche question/réponse du support;theme;Non;NO;NO;https://learn.microsoft.com/en-us/azure/load-balancer/load-balancer-custom-probe-overview;"Note: This question is part of a series of questions that present the same scenario. Each question in the series contains a unique solution that

might meet the stated goals. Some question sets might have more than one correct solution, while others might not have a correct solution.

After you answer a question in this section, you will NOT be able to return to it. As a result, these questions will not appear in the review screen.

You have an app named App1 that is installed on two Azure virtual machines named VM1 and VM2. Connections to App1 are managed by using

an Azure Load

Balancer.

The effective network security configurations for VM2 are shown in the following exhibit.

You discover that connections to App1 from 131.107.100.50 over TCP port 443 fail.

You verify that the Load Balancer rules are configured correctly.

You need to ensure that connections to App1 can be established successfully from 131.107.100.50 over TCP port 443.

Solution: You modify the priority of the Allow_131.107.100.50 inbound security rule.

Does this meet the goal?"
T5-Q60;Implémenter et gérer les réseaux virtuels;Fiche question/réponse du support;theme;Non;NO;NO;https://learn.microsoft.com/en-us/azure/virtual-network/network-security-groups-overview;"Note: This question is part of a series of questions that present the same scenario. Each question in the series contains a unique solution that

might meet the stated goals. Some question sets might have more than one correct solution, while others might not have a correct solution.

After you answer a question in this section, you will NOT be able to return to it. As a result, these questions will not appear in the review screen.

You have an Azure subscription that contains 10 virtual networks. The virtual networks are hosted in separate resource groups.

Another administrator plans to create several network security groups (NSGs) in the subscription.

You need to ensure that when an NSG is created, it automatically blocks TCP port 8080 between the virtual networks.

Solution: You assign a built-in policy definition to the subscription.

Does this meet the goal?"
T5-Q61;Déployer et gérer les ressources de calcul Azure;Fiche question/réponse du support;theme;Non;Azure Container Networking Interface (CNI);Azure Container Networking Interface (CNI);https://learn.microsoft.com/en-us/azure/app-service/overview-hosting-plans;"You have an Azure subscription.

You plan to deploy an Azure Kubernetes Service (AKS) cluster to support an app named App1. On-premises clients connect to App1 by using the

IP address of the pod.

For the AKS cluster, you need to choose a network type that will support App1.

What should you choose?"
T5-Q62;Implémenter et gérer les réseaux virtuels;Fiche question/réponse du support;theme;Non;YES;YES;https://learn.microsoft.com/en-us/azure/load-balancer/load-balancer-custom-probe-overview;"Note: This question is part of a series of questions that present the same scenario. Each question in the series contains a unique solution that

might meet the stated goals. Some question sets might have more than one correct solution, while others might not have a correct solution.

After you answer a question in this section, you will NOT be able to return to it. As a result, these questions will not appear in the review screen.

You have an Azure subscription that contains the virtual machines shown in the following table.

You deploy a load balancer that has the following configurations:

✑ Name: LB1
✑ Type: Internal
✑ SKU: Standard
✑ Virtual network: VNET1
You need to ensure that you can add VM1 and VM2 to the backend pool of LB1.

Solution: You disassociate the public IP address from the network interface of VM2.

Does this meet the goal?"
T5-Q63;Implémenter et gérer les réseaux virtuels;Fiche question/réponse du support;theme;Non;YES;YES;https://learn.microsoft.com/en-us/azure/virtual-network/network-security-groups-overview;"Note: This question is part of a series of questions that present the same scenario. Each question in the series contains a unique solution that

might meet the stated goals. Some question sets might have more than one correct solution, while others might not have a correct solution.

After you answer a question in this section, you will NOT be able to return to it. As a result, these questions will not appear in the review screen.

You have an Azure subscription that contains 10 virtual networks. The virtual networks are hosted in separate resource groups.

Another administrator plans to create several network security groups (NSGs) in the subscription.

You need to ensure that when an NSG is created, it automatically blocks TCP port 8080 between the virtual networks.

Solution: You configure a custom policy definition, and then you assign the policy to the subscription.

Does this meet the goal?"
T5-Q64;Déployer et gérer les ressources de calcul Azure;Exercice avec correction comparée aux sources;scenario;Non;Connection monitor;Connection monitor;https://learn.microsoft.com/en-us/azure/network-watcher/connection-monitor-overview;"You have two Azure virtual networks named VNet1 and VNet2. VNet1 contains an Azure virtual machine named VM1. VNet2 contains an Azure

virtual machine named VM2.

VM1 hosts a frontend application that connects to VM2 to retrieve data.

Users report that the frontend application is slower than usual.

You need to view the average round-trip time (RTT) of the packets from VM1 to VM2.

Which Azure Network Watcher feature should you use?"
T5-Q65;Déployer et gérer les ressources de calcul Azure;Fiche question/réponse du support;theme;Non;"LOAD BALANCED BY VM1 : BE CREATE IN SAME AVAILABALITY OR SAME VMSS
LOAD BALANCED BY VM2 : BE CREATE IN SAME VNET";"LOAD BALANCED BY VM1 : BE CREATE IN SAME AVAILABALITY OR SAME VMSS
LOAD BALANCED BY VM2 : BE CREATE IN SAME VNET";https://learn.microsoft.com/en-us/azure/load-balancer/load-balancer-custom-probe-overview;"You have an Azure subscription that contains the public load balancers shown in the following table.

You plan to create six virtual machines and to load balance requests to the virtual machines. Each load balancer will load balance three virtual

machines.

You need to create the virtual machines for the planned solution.

How should you create the virtual machines? To answer, select the appropriate options in the answer area.

NOTE: Each correct selection is worth one point."
T5-Q66;Implémenter et gérer les réseaux virtuels;Fiche question/réponse du support;theme;Non;2 / 2 / 2;2 / 2 / 2;https://learn.microsoft.com/en-us/azure/vpn-gateway/vpn-gateway-about-vpngateways;"You have an on-premises data center and an Azure subscription. The data center contains two VPN devices. The subscription contains an Azure

virtual network named VNet1. VNet1 contains a gateway subnet.

You need to create a site-to-site VPN. The solution must ensure that if a single instance of an Azure VPN gateway fails, or a single on-premises

VPN device fails, the failure will not cause an interruption that is longer than two minutes.

What is the minimum number of public IP addresses, virtual network gateways, and local network gateways required in Azure? To answer, select

the appropriate options in the answer area.

NOTE: Each correct selection is worth one point."
T5-Q67;Déployer et gérer les ressources de calcul Azure;Fiche question/réponse du support;theme;Non;vm1.internal.cloudapp.net;vm1.internal.cloudapp.net;https://learn.microsoft.com/en-us/azure/dns/dns-domain-delegation;"You have an Azure subscription that contains two virtual machines as shown in the following table.

You perform a reverse DNS lookup for 10.0.0.4 from VM2.

Which FQDN will be returned?"
T5-Q68;Déployer et gérer les ressources de calcul Azure;Fiche question/réponse du support;theme;Non;YES;YES;https://learn.microsoft.com/en-us/azure/load-balancer/load-balancer-custom-probe-overview;"Note: This question is part of a series of questions that present the same scenario. Each question in the series contains a unique solution that

might meet the stated goals. Some question sets might have more than one correct solution, while others might not have a correct solution.

After you answer a question in this section, you will NOT be able to return to it. As a result, these questions will not appear in the review screen.

You have an app named App1 that is installed on two Azure virtual machines named VM1 and VM2. Connections to App1 are managed by using

an Azure Load

Balancer.

The effective network security configurations for VM2 are shown in the following exhibit.

You discover that connections to App1 from 131.107.100.50 over TCP port 443 fail.

You verify that the Load Balancer rules are configured correctly.

You need to ensure that connections to App1 can be established successfully from 131.107.100.50 over TCP port 443.

Solution: You create an inbound security rule that allows any traffic from the AzureLoadBalancer source and has a cost of 150.

Does this meet the goal?"
T5-Q69;Implémenter et gérer les réseaux virtuels;Fiche question/réponse du support;theme;Non;"Create a route-based virtual network gateway
Delete GW1";"Create a route-based virtual network gateway
Delete GW1";https://learn.microsoft.com/en-us/azure/vpn-gateway/vpn-gateway-about-vpngateways;"You have an Azure subscription that contains a policy-based virtual network gateway named GW1 and a virtual network named VNet1.

You need to ensure that you can configure a point-to-site connection from an on-premises computer to VNet1.

Which two actions should you perform? Each correct answer presents part of the solution.

NOTE: Each correct selection is worth one point."
T5-Q70;Implémenter et gérer les réseaux virtuels;Fiche question/réponse du support;theme;Non;NO / NO / YES;NO / NO / YES;https://learn.microsoft.com/en-us/azure/dns/dns-domain-delegation;"You have an Azure subscription that contains the resources in the following table:

In Azure, you create a private DNS zone named adatum.com. You set the registration virtual network to VNet2. The adatum.com zone is

configured as shown in the following exhibit:

For each of the following statements, select Yes if the statement is true. Otherwise, select No.

NOTE: Each correct selection is worth one point."
T5-Q71;Implémenter et gérer les réseaux virtuels;Exercice avec correction comparée aux sources;scenario;Non;Activer l’enregistrement automatique pour Link2 (VNET2/Zone2). : Oui · Ajouter un lien de résolution VNET1 vers Zone3. : Oui · Lier VNET2 à Zone1 avec enregistrement automatique. : Oui;Activer l’enregistrement automatique pour Link2 (VNET2/Zone2). : Oui · Ajouter un lien de résolution VNET1 vers Zone3. : Oui · Lier VNET2 à Zone1 avec enregistrement automatique. : Oui;https://learn.microsoft.com/en-us/azure/dns/private-dns-virtual-network-links;"You have an Azure subscription that contains the virtual networks shown in the following table.

The subscription contains the private DNS zones shown in the following table.

You add virtual network links to the private DNS zones as shown in the following table.

For each of the following statements, select Yes if the statement is true. Otherwise, select No.

NOTE: Each correct selection is worth one point."
T5-Q72;Implémenter et gérer les réseaux virtuels;Exercice avec correction comparée aux sources;scenario;Non;Nom requis pour le sous-réseau Bastion : AzureBastionSubnet · Préfixe compatible avec la taille minimale et le LAN02 10.10.10.128/25 : 10.10.10.0/26;Nom requis pour le sous-réseau Bastion : AzureBastionSubnet · Préfixe compatible avec la taille minimale et le LAN02 10.10.10.128/25 : 10.10.10.0/26;https://learn.microsoft.com/en-us/azure/bastion/configuration-settings;VNET1 utilise 10.10.10.0/24 et possède LAN02 en 10.10.10.128/25. Pour déployer Azure Bastion Standard aujourd’hui, quel nom de sous-réseau et quel préfixe choisir sans chevauchement ?
T5-Q73;Déployer et gérer les ressources de calcul Azure;Fiche question/réponse du support;theme;Non;. Yes;. Yes;https://learn.microsoft.com/en-us/azure/network-watcher/ip-flow-verify-overview;"Note: This question is part of a series of questions that present the same scenario. Each question in the series contains a unique solution that

might meet the stated goals. Some question sets might have more than one correct solution, while others might not have a correct solution.

After you answer a question in this section, you will NOT be able to return to it. As a result, these questions will not appear in the review screen.

You manage a virtual network named VNet1 that is hosted in the West US Azure region.

VNet1 hosts two virtual machines named VM1 and VM2 that run Windows Server.

You need to inspect all the network traffic from VM1 to VM2 for a period of three hours.

Solution: From Azure Network Watcher, you create a packet capture.

Does this meet the goal?"
T5-Q74;Implémenter et gérer les réseaux virtuels;Fiche question/réponse du support;theme;Non;NO;NO;https://learn.microsoft.com/en-us/azure/network-watcher/ip-flow-verify-overview;"Note: This question is part of a series of questions that present the same scenario. Each question in the series contains a unique solution that

might meet the stated goals. Some question sets might have more than one correct solution, while others might not have a correct solution.

After you answer a question in this section, you will NOT be able to return to it. As a result, these questions will not appear in the review screen.

You manage a virtual network named VNet1 that is hosted in the West US Azure region.

VNet1 hosts two virtual machines named VM1 and VM2 that run Windows Server.

You need to inspect all the network traffic from VM1 to VM2 for a period of three hours.

Solution: From Azure Network Watcher, you create a connection monitor.

Does this meet the goal?"
T5-Q75;Déployer et gérer les ressources de calcul Azure;Fiche question/réponse du support;theme;Non;NO;NO;https://learn.microsoft.com/en-us/azure/virtual-machines/availability-set-overview;"Note: This question is part of a series of questions that present the same scenario. Each question in the series contains a unique solution that

might meet the stated goals. Some question sets might have more than one correct solution, while others might not have a correct solution.

After you answer a question in this section, you will NOT be able to return to it. As a result, these questions will not appear in the review screen.

You manage a virtual network named VNet1 that is hosted in the West US Azure region.

VNet1 hosts two virtual machines named VM1 and VM2 that run Windows Server.

You need to inspect all the network traffic from VM1 to VM2 for a period of three hours.

Solution: From Performance Monitor, you create a Data Collector Set (DCS).

Does this meet the goal?"
T5-Q76;Déployer et gérer les ressources de calcul Azure;Fiche question/réponse du support;theme;Non;"REMOVE THE PUBLIC IP ADDRESS / CREATE THE HEALTH PROBE AND BACKEND POOL
ON LB1 / CREATE LOAD BALANCING RULE ON LB1";"REMOVE THE PUBLIC IP ADDRESS / CREATE THE HEALTH PROBE AND BACKEND POOL
ON LB1 / CREATE LOAD BALANCING RULE ON LB1";https://learn.microsoft.com/en-us/entra/identity/role-based-access-control/permissions-reference;"You have an Azure subscription that contains the resources shown in the following table.

You need to load balance HTTPS connections to vm1 and vm2 by using lb1.

Which three actions should you perform in sequence? To answer, move the appropriate actions from the list of actions to the answer area and

arrange them in the correct order."
T5-Q77;Déployer et gérer les ressources de calcul Azure;Fiche question/réponse du support;theme;Non;NO;NO;https://learn.microsoft.com/en-us/azure/azure-monitor/logs/log-query-overview;"Note: This question is part of a series of questions that present the same scenario. Each question in the series contains a unique solution that

might meet the stated goals. Some question sets might have more than one correct solution, while others might not have a correct solution.

After you answer a question in this section, you will NOT be able to return to it. As a result, these questions will not appear in the review screen.

You manage a virtual network named VNet1 that is hosted in the West US Azure region.

VNet1 hosts two virtual machines named VM1 and VM2 that run Windows Server.

You need to inspect all the network traffic from VM1 to VM2 for a period of three hours.

Solution: From Azure Monitor, you create a metric on Network In and Network Out.

Does this meet the goal?"
T5-Q78;Déployer et gérer les ressources de calcul Azure;Fiche question/réponse du support;theme;Non;NO;NO;https://learn.microsoft.com/en-us/azure/load-balancer/load-balancer-custom-probe-overview;"Note: This question is part of a series of questions that present the same scenario. Each question in the series contains a unique solution that

might meet the stated goals. Some question sets might have more than one correct solution, while others might not have a correct solution.

After you answer a question in this section, you will NOT be able to return to it. As a result, these questions will not appear in the review screen.

You have an app named App1 that is installed on two Azure virtual machines named VM1 and VM2. Connections to App1 are managed by using

an Azure Load

Balancer.

The effective network security configurations for VM2 are shown in the following exhibit.

You discover that connections to App1 from 131.107.100.50 over TCP port 443 fail.

You verify that the Load Balancer rules are configured correctly.

You need to ensure that connections to App1 can be established successfully from 131.107.100.50 over TCP port 443.

Solution: You create an inbound security rule that denies all traffic from the 131.107.100.50 source and has a priority of 64999.

Does this meet the goal?"
T5-Q79;Gérer les identités et la gouvernance Azure;Exercice avec correction comparée aux sources;scenario;Non;Étape 1 : Create a Virtual WAN · Étape 2 : Create a virtual hub · Étape 3 : Create VPN sites · Étape 4 : Connect the VPN sites to the hub;Étape 1 : Create a Virtual WAN · Étape 2 : Create a virtual hub · Étape 3 : Create VPN sites · Étape 4 : Connect the VPN sites to the hub;https://learn.microsoft.com/en-us/azure/virtual-wan/virtual-wan-site-to-site-portal;Pour connecter des sites VPN à Azure Virtual WAN, ordonnez la création du Virtual WAN, du virtual hub, des VPN sites et des connexions vers le hub.
T5-Q80;Implémenter et gérer les réseaux virtuels;Fiche question/réponse du support;theme;Non;NO / YES / NO;NO / YES / NO;https://learn.microsoft.com/en-us/azure/dns/dns-domain-delegation;"You have an Azure subscription that contains the virtual networks shown in the following table.

You have the virtual machines shown in the following table.

You have the virtual network interfaces shown in the following table.

Server1 is a DNS server that contains the resources shown in the following table.

You have an Azure private DNS zone named contoso.com that has a virtual network link to VNET2 and the records shown in the following table.

For each of the following statements, select Yes if the statement is true. Otherwise, select No.

NOTE: Each correct selection is worth one point."
T5-Q81;Implémenter et gérer les réseaux virtuels;Fiche question/réponse du support;theme;Non;Modify the address space of VNet1;Modify the address space of VNet1;https://learn.microsoft.com/en-us/azure/virtual-network/virtual-network-peering-overview;"You have a virtual network named VNet1 as shown in the exhibit. (Click the Exhibit tab.)

No devices are connected to VNet1.

You plan to peer VNet1 to another virtual network named VNet2. VNet2 has an address space of 10.2.0.0/16.

You need to create the peering.

What should you do first?"
T5-Q82;Déployer et gérer les ressources de calcul Azure;Fiche question/réponse du support;theme;Non;comp2.contoso.com only;comp2.contoso.com only;https://learn.microsoft.com/en-us/azure/dns/dns-domain-delegation;"You have the Azure virtual machines shown in the following table.

VNET1 is linked to a private DNS zone named contoso.com that contains the records shown in the following table.

You need to ping VM2 from VM1.

Which DNS names can you use to ping VM2?"
T5-Q83;Déployer et gérer les ressources de calcul Azure;Exercice avec correction comparée aux sources;scenario;Non;Direction de la règle de VM1 : Outbound · Adresse source de VM1 : 10.1.0.10 · Adresse destination de VM2 : 10.1.0.11 · Priorité inférieure à la règle DENY_PING (111) : 110;Direction de la règle de VM1 : Outbound · Adresse source de VM1 : 10.1.0.10 · Adresse destination de VM2 : 10.1.0.11 · Priorité inférieure à la règle DENY_PING (111) : 110;https://learn.microsoft.com/en-us/azure/virtual-network/network-security-groups-overview;"You have a network security group (NSG) named NSG1 that has the rules defined in the exhibit. (Click the Exhibit tab.)

NSG1 is associated to a subnet named Subnet1. Subnet1 contains the virtual machines shown in the following table.

You need to add a rule to NSG1 to ensure that VM1 can ping VM2. The solution must use the principle of least privilege.

How should you configure the rule? To answer, select the appropriate options in the answer area.

NOTE: Each correct selection is worth one point."
T5-Q84;Implémenter et gérer les réseaux virtuels;Fiche question/réponse du support;theme;Non;No;No;https://learn.microsoft.com/en-us/azure/vpn-gateway/vpn-gateway-about-vpngateways;"Note: This question is part of a series of questions that present the same scenario. Each question in the series contains a unique solution that

might meet the stated goals. Some question sets might have more than one correct solution, while others might not have a correct solution.

After you answer a question in this section, you will NOT be able to return to it. As a result, these questions will not appear in the review screen.

You have a computer named Computer1 that has a point-to-site VPN connection to an Azure virtual network named VNet1. The point-to-site

connection uses a self-signed certificate.

From Azure, you download and install the VPN client configuration package on a computer named Computer2.

You need to ensure that you can establish a point-to-site VPN connection to VNet1 from Computer2.

Solution: On Computer2, you set the Startup type for the IPSec Policy Agent service to Automatic.

Does this meet the goal?"
T5-Q85;Déployer et gérer les ressources de calcul Azure;Exercice avec correction comparée aux sources;scenario;Non;Session persistence to Client IP and protocol;Session persistence to Client IP and protocol;https://learn.microsoft.com/en-us/azure/load-balancer/distribution-mode-concepts;"You have five Azure virtual machines that run Windows Server 2016. The virtual machines are configured as web servers.

You have an Azure load balancer named LB1 that provides load balancing services for the virtual machines.

You need to ensure that visitors are serviced by the same web server for each request.

What should you configure?"
T5-Q86;Implémenter et gérer les réseaux virtuels;Fiche question/réponse du support;theme;Non;IP3 only;IP3 only;https://learn.microsoft.com/en-us/azure/load-balancer/load-balancer-custom-probe-overview;"You have an Azure subscription that uses the public IP addresses shown in the following table.

You need to create a public Azure Standard Load Balancer.

Which public IP addresses can you use?"
T5-Q87;Déployer et gérer les ressources de calcul Azure;Fiche question/réponse du support;theme;Non;the Calico network policy;the Calico network policy;https://learn.microsoft.com/en-us/azure/aks/enable-authentication-microsoft-entra-id;"You have an Azure subscription.

You are deploying an Azure Kubernetes Service (AKS) cluster that will contain multiple pods. The pods will use kubernet networking.

You need to restrict network traffic between the pods.

What should you configure on the AKS cluster?"
T5-Q88;Implémenter et gérer les réseaux virtuels;Exercice avec correction comparée aux sources;scenario;Non;Préfixe de destination dans VNet1 : 10.0.0.0/16 · Type du saut suivant : Virtual appliance · Sous-réseau auquel associer RT1 : GatewaySubnet;Préfixe de destination dans VNet1 : 10.0.0.0/16 · Type du saut suivant : Virtual appliance · Sous-réseau auquel associer RT1 : GatewaySubnet;https://learn.microsoft.com/en-us/azure/virtual-network/virtual-network-scenario-udr-gw-nva;"You have an Azure subscription that contains a virtual network named VNet1. VNet1 uses an IP address space of 10.0.0.0/16 and contains the

VPN Gateway and subnets in the following table:

Subnet1 contains a virtual appliance named VM1 that operates as a router.

You create a routing table named RT1.

You need to route all inbound traffic from the VPN gateway to VNet1 through VM1.

How should you configure RT1? To answer, select the appropriate options in the answer area.

NOTE: Each correct selection is worth one point."
T5-Q89;Déployer et gérer les ressources de calcul Azure;Fiche question/réponse du support;theme;Non;Session persistence to Client IP and Protocol;Session persistence to Client IP and Protocol;https://learn.microsoft.com/en-us/azure/load-balancer/distribution-mode-concepts;"You have five Azure virtual machines that run Windows Server 2016. The virtual machines are configured as web servers.

You have an Azure load balancer named LB1 that provides load balancing services for the virtual machines.

You need to ensure that visitors are serviced by the same web server for each request.

What should you configure?"
T5-Q90;Implémenter et gérer les réseaux virtuels;Fiche question/réponse du support;theme;Non;NO / YES / YES;NO / YES / YES;https://learn.microsoft.com/en-us/azure/virtual-network/network-security-groups-overview;"You have an Azure subscription that contains the virtual machines shown in the following table:

VM1 and VM2 use public IP addresses. From Windows Server 2019 on VM1 and VM2, you allow inbound Remote Desktop connections.

Subnet1 and Subnet2 are in a virtual network named VNET1.

The subscription contains two network security groups (NSGs) named NSG1 and NSG2. NSG1 uses only the default rules.

NSG2 uses the default rules and the following custom incoming rule:

✑ Priority: 100
✑ Name: Rule1
✑ Port: 3389
✑ Protocol: TCP
✑ Source: Any
✑ Destination: Any
✑ Action: Allow
NSG1 is associated to Subnet1. NSG2 is associated to the network interface of VM2.

For each of the following statements, select Yes if the statement is true. Otherwise, select No.

NOTE: Each correct selection is worth one point."
T5-Q91;Déployer et gérer les ressources de calcul Azure;Exercice avec correction comparée aux sources;scenario;Non;a backend pool + a health probe;"a backend pool
a health probe";https://learn.microsoft.com/en-us/azure/load-balancer/components;"You have an Azure subscription that contains two virtual machines named VM1 and VM2.

You create an Azure load balancer.

You plan to create a load balancing rule that will load balance HTTPS traffic between VM1 and VM2.

Which two additional load balancer resources should you create before you can create the load balancing rule? Each correct answer presents part

of the solution.

NOTE: Each correct selection is worth one point."
T5-Q92;Implémenter et gérer les réseaux virtuels;Exercice avec correction comparée aux sources;scenario;Non;a standard SKU and a static IP address assignment;a standard SKU and a static IP address assignment;https://learn.microsoft.com/en-us/azure/vpn-gateway/vpn-gateway-about-vpn-gateway-settings;"You have an on-premises network that contains a database server named dbserver1.

You have an Azure subscription.

You plan to deploy three Azure virtual machines. Each virtual machine will be deployed to a separate availability zone.

You need to configure an Azure VPN gateway for a site-to-site VPN. The solution must ensure that the virtual machines can connect to dbserver1.

Which type of public IP address SKU and assignment should you use for the gateway?"
T5-Q93;Implémenter et gérer les réseaux virtuels;Fiche question/réponse du support;theme;Non;YES NO YES;YES NO YES;https://learn.microsoft.com/en-us/azure/dns/dns-domain-delegation;"You have the Azure virtual machines shown in the following table.

VNET1, VNET2, and VNET3 are peered.

VNET1 and VNET2 are linked to an Azure private DNS zone named contoso.com that contains the records shown in the following table.

The virtual networks are configured to use the DNS servers shown in the following table.

For each of the following statements, select Yes if the statement is true. Otherwise, select No.

NOTE: Each correct selection is worth one point."
T5-Q94;Déployer et gérer les ressources de calcul Azure;Fiche question/réponse du support;theme;Non;No / yes / yes;No / yes / yes;https://learn.microsoft.com/en-us/azure/role-based-access-control/role-assignments-portal;"You have two Azure virtual machines as shown in the following table.

You create the Azure DNS zones shown in the following table.

You perform the following actions:

✑ ‫׀‬¢‫ ¾׀‬fabrikam.com, you add a virtual network link to vnet1 and enable auto registration.
✑ For contoso.com, you assign vm1 and vm2 the Owner role.
For each of the following statements, select Yes if the statement is true. Otherwise, select No.

NOTE: Each correct selection is worth one point."
T5-Q95;Implémenter et gérer les réseaux virtuels;Fiche question/réponse du support;theme;Non;ErGw3AZ;ErGw3AZ;https://learn.microsoft.com/en-us/azure/role-based-access-control/role-assignments-portal;"You have an on-premises datacenter and an Azure subscription.

You plan to connect the datacenter to Azure by using ExpressRoute.

You need to deploy an ExpressRoute gateway. The solution must meet the following requirements:

✑ Support up to 10 Gbps of traffic.
✑ Support availability zones.
✑ Support FastPath.
✑ Minimize costs.
Which SKU should you deploy?"
T5-Q96;Implémenter et gérer les réseaux virtuels;Fiche question/réponse du support;theme;Non;NO / YES / YES;NO / YES / YES;https://learn.microsoft.com/en-us/azure/virtual-machines/availability-set-overview;"You have a virtual network named VNET1 that contains the subnets shown in the following table:

You have Azure virtual machines that have the network configurations shown in the following table:

For NSG1, you create the inbound security rule shown in the following table:

For NSG2, you create the inbound security rule shown in the following table:

For each of the following statements, select Yes if the statement is true. Otherwise, select No.

NOTE: Each correct selection is worth one point."
T5-Q97;Implémenter et gérer les réseaux virtuels;Fiche question/réponse du support;theme;Non;YES / NO / YES;YES / NO / YES;https://learn.microsoft.com/en-us/azure/virtual-network/virtual-networks-udr-overview;"You have an Azure subscription named Subscription1.

Subscription1 contains the virtual machines in the following table:

Subscription1 contains a virtual network named VNet1 that has the subnets in the following table:

VM3 has multiple network adapters, including a network adapter named NIC3. IP forwarding is enabled on NIC3. Routing is enabled on VM3.

You create a route table named RT1 that contains the routes in the following table:

You apply RT1 to Subnet1 and Subnet2.

For each of the following statements, select Yes if the statement is true. Otherwise, select No.

NOTE: Each correct selection is worth one point."
T5-Q98;Implémenter et gérer les réseaux virtuels;Fiche question/réponse du support;theme;Non;. an Azure Virtual Network Gateway;. an Azure Virtual Network Gateway;https://learn.microsoft.com/en-us/azure/app-service/overview-vnet-integration | https://learn.microsoft.com/en-us/azure/vpn-gateway/tutorial-site-to-site-portal;"Your on-premises network contains an SMB share named Share1.

You have an Azure subscription that contains the following resources:

✑ A web app named webapp1
✑ A virtual network named VNET1
You need to ensure that webapp1 can connect to Share1.

What should you deploy?"
T5-Q99;Déployer et gérer les ressources de calcul Azure;Fiche question/réponse du support;theme;Non;Azure Custom Script Extension;Azure Custom Script Extension;https://learn.microsoft.com/en-us/azure/azure-resource-manager/templates/deployment-modes;"You plan to deploy several Azure virtual machines that will run Windows Server 2019 in a virtual machine scale set by using an Azure Resource

Manager template.

You need to ensure that NGINX is available on all the virtual machines after they are deployed.

What should you use?"
T5-Q100;Déployer et gérer les ressources de calcul Azure;Fiche question/réponse du support;theme;Non;service endpoints;service endpoints;https://learn.microsoft.com/en-us/azure/virtual-network/virtual-network-service-endpoints-overview;"Your on-premises network contains a VPN gateway.

You have an Azure subscription that contains the resources shown in the following table.

You need to ensure that all the traffic from VM1 to storage1 travels across the Microsoft backbone network.

What should you configure?"
T5-Q101;Implémenter et gérer les réseaux virtuels;Exercice avec correction comparée aux sources;scenario;Non;IKEv2;IKEv2;https://learn.microsoft.com/en-us/azure/vpn-gateway/tutorial-site-to-site-portal;"You plan to deploy route-based Site-to-Site VPN connections between several on-premises locations and an Azure virtual network.

Which tunneling protocol should you use?"
T5-Q102;Déployer et gérer les ressources de calcul Azure;Fiche question/réponse du support;theme;Non;DemoSubnet1;DemoSubnet1;https://learn.microsoft.com/en-us/azure/site-recovery/hyper-v-azure-powershell-resource-manager;"You have an Azure subscription that contains the resources shown in the following table.

You configure Azure Site Recovery to replicate VM1 between the US East and West US regions.

You perform a test failover of VM1 and specify VNET2 as the target virtual network.

When the test version of VM1 is created, to which subnet will the virtual machine be connected?"
T5-Q103;Déployer et gérer les ressources de calcul Azure;Fiche question/réponse du support;theme;Non;Session persistence to Client IP;Session persistence to Client IP;https://learn.microsoft.com/en-us/azure/load-balancer/distribution-mode-concepts;"You have five Azure virtual machines that run Windows Server 2016. The virtual machines are configured as web servers.

You have an Azure load balancer named LB1 that provides load balancing services for the virtual machines.

You need to ensure that visitors are serviced by the same web server for each request.

What should you configure?"
T5-Q104;Déployer et gérer les ressources de calcul Azure;Fiche question/réponse du support;theme;Non;Desired State Configuration (DSC) extension;Desired State Configuration (DSC) extension;https://learn.microsoft.com/en-us/azure/azure-resource-manager/templates/deployment-modes;"You plan to deploy several Azure virtual machines that will run Windows Server 2019 in a virtual machine scale set by using an Azure Resource

Manager template.

You need to ensure that NGINX is available on all the virtual machines after they are deployed.

What should you use?"
T5-Q105;Déployer et gérer les ressources de calcul Azure;Fiche question/réponse du support;theme;Non;Session persistence to Client IP;Session persistence to Client IP;https://learn.microsoft.com/en-us/azure/load-balancer/distribution-mode-concepts;"You have five Azure virtual machines that run Windows Server 2016. The virtual machines are configured as web servers.

You have an Azure load balancer named LB1 that provides load balancing services for the virtual machines.

You need to ensure that visitors are serviced by the same web server for each request.

What should you configure?"
T5-Q106;Implémenter et gérer les réseaux virtuels;Exercice avec correction comparée aux sources;scenario;Non;3389;3389;https://learn.microsoft.com/en-us/azure/bastion/bastion-overview;Vous devez autoriser Azure Bastion à ouvrir des sessions RDP vers des VM Windows sur Subnet1. Quel port de destination faut-il autoriser sur l’NSG de Subnet1 pour ce trafic Bastion → VM ?
T5-Q107;Implémenter et gérer les réseaux virtuels;Fiche question/réponse du support;theme;Non;Sélection 1 : Obtain an IP address automatically · Sélection 2 : Configure VNET1 to use a custom DNS server;Sélection 1 : Obtain an IP address automatically · Sélection 2 : Configure VNET1 to use a custom DNS server;https://learn.microsoft.com/en-us/azure/dns/dns-domain-delegation;"Your network contains an on-premises Active Directory Domain Services (AD DS) domain named contoso.com. The domain contains the servers

shown in the following table.

You plan to migrate contoso.com to Azure.

You create an Azure virtual network named VNET1 that has the following settings:

• Address space: 10.0.0.0/16

• Subnet:

o Name: Subnet1

o IPv4: 10.0.1.0/24

You need to move DC1 to VNET1. The solution must ensure that the member servers in contoso.com can resolve AD DS DNS names.

How should you configure DC1? To answer, select the appropriate options in the answer area.

NOTE: Each correct selection is worth one point."
T5-Q108;Déployer et gérer les ressources de calcul Azure;Fiche question/réponse du support;theme;Non;Session persistence to Client IP;Session persistence to Client IP;https://learn.microsoft.com/en-us/azure/load-balancer/distribution-mode-concepts;"You have five Azure virtual machines that run Windows Server 2016. The virtual machines are configured as web servers.

You have an Azure load balancer named LB1 that provides load balancing services for the virtual machines.

You need to ensure that visitors are serviced by the same web server for each request.

What should you configure?"
T5-Q109;Implémenter et gérer les réseaux virtuels;Fiche question/réponse du support;theme;Non;VNET1 only;VNET1 only;https://learn.microsoft.com/en-us/azure/role-based-access-control/role-assignments-portal;"You have an Azure subscription that contains the virtual networks shown in the following table.

You need to deploy an Azure firewall named AF1 to RG1 in the West US Azure region.

To which virtual networks can you deploy AF1?"
T5-Q110;Implémenter et gérer les réseaux virtuels;Fiche question/réponse du support;theme;Non;. 2;. 2;https://learn.microsoft.com/en-us/azure/virtual-machines/availability-set-overview;"You have an on-premises network.

You have an Azure subscription that contains three virtual networks named VNET1. VNET2. and VNET3. The virtual networks are peered and

connected to the on-premises network. The subscription contains the virtual machines shown in the following table.

You need to monitor connectivity between the virtual machines and the on-premises network by using Connection Monitor.

What is the minimum number of connection monitors you should deploy?"
T5-Q111;Gérer les identités et la gouvernance Azure;Fiche question/réponse du support;theme;Non;no / yes / no;no / yes / no;https://learn.microsoft.com/en-us/azure/azure-resource-manager/templates/deployment-modes;"You plan to deploy the following Azure Resource Manager (ARM) template.

For each of the following statements, select Yes if the statement is true. Otherwise, select No.

NOTE: Each correct selection is worth one point."
T5-Q112;Implémenter et gérer le stockage;Exercice avec correction comparée aux sources;scenario;Non;Routing preference;Routing preference;https://learn.microsoft.com/en-us/azure/storage/common/network-routing-preference;"You have an Azure subscription that contains a storage account. The account stores website data.

You need to ensure that inbound user traffic uses the Microsoft point-of-presence (POP) closest to the user's location.

What should you configure?"
T5-Q113;Déployer et gérer les ressources de calcul Azure;Exercice avec correction comparée aux sources;scenario;Non;"Create a network security group (NSG) that has an outbound security rule to deny destination port 3389 and apply the NSG to the network

interface of VM1.";"Create a network security group (NSG) that has an outbound security rule to deny destination po
rt 3389 and apply the NSG to the network interface of VM1";https://learn.microsoft.com/en-us/azure/virtual-network/network-security-groups-overview;"You have two Azure virtual machines named VM1 and VM2 that run Windows Server. The virtual machines are in a subnet named Subnet1.

Subnet1 is in a virtual network named VNet1.

You need to prevent VM1 from accessing VM2 on port 3389.

What should you do?"
T5-Q114;Implémenter et gérer les réseaux virtuels;Exercice avec correction comparée aux sources;scenario;Non;Create a route table.;Create a route table;https://learn.microsoft.com/en-us/azure/virtual-network/virtual-networks-udr-overview;"You have an Azure subscription that contains the resources shown in the following table.

You need to manage outbound traffic from VNET1 by using Firewall1.

What should you do first?"
T5-Q115;Implémenter et gérer les réseaux virtuels;Fiche question/réponse du support;theme;Non;VM1 only;VM1 only;https://learn.microsoft.com/en-us/azure/bastion/bastion-overview;"You have an Azure subscription that contains the resources shown in the following table.

All the resources connect to a virtual network named VNet1.

You plan to deploy an Azure Bastion host named Bastion1 to VNet1.

Which resources can be protected by using Bastion1?"
T5-Q116;Déployer et gérer les ressources de calcul Azure;Fiche question/réponse du support;theme;Non;Session persistence to Client IP and protocol;Session persistence to Client IP and protocol;https://learn.microsoft.com/en-us/azure/load-balancer/distribution-mode-concepts;"You have five Azure virtual machines that run Windows Server 2016. The virtual machines are configured as web servers.

You have an Azure load balancer named LB1 that provides load balancing services for the virtual machines.

You need to ensure that visitors are serviced by the same web server for each request.

What should you configure?"
T5-Q117;Déployer et gérer les ressources de calcul Azure;Fiche question/réponse du support;theme;Non;Session persistence to Client IP and protocol;Session persistence to Client IP and protocol;https://learn.microsoft.com/en-us/azure/load-balancer/distribution-mode-concepts;"You have five Azure virtual machines that run Windows Server 2016. The virtual machines are configured as web servers.

You have an Azure load balancer named LB1 that provides load balancing services for the virtual machines.

You need to ensure that visitors are serviced by the same web server for each request.

What should you configure?"
T5-Q118;Déployer et gérer les ressources de calcul Azure;Fiche question/réponse du support;theme;Non;Upgrade Bastion1 to the Standard SKU;Upgrade Bastion1 to the Standard SKU;https://learn.microsoft.com/en-us/azure/bastion/bastion-overview;"You have an Azure subscription that contains 10 virtual machines and the resources shown in the following table.

You need to ensure that Bastion1 can support 100 concurrent SSH users. The solution must minimize administrative effort.

What should you do first?"
T5-Q119;Déployer et gérer les ressources de calcul Azure;Fiche question/réponse du support;theme;Non;Session persistence to Client IP and protocol;Session persistence to Client IP and protocol;https://learn.microsoft.com/en-us/azure/load-balancer/distribution-mode-concepts;"You have five Azure virtual machines that run Windows Server 2016. The virtual machines are configured as web servers.

You have an Azure load balancer named LB1 that provides load balancing services for the virtual machines.

You need to ensure that visitors are serviced by the same web server for each request.

What should you configure?"
T5-Q120;Déployer et gérer les ressources de calcul Azure;Exercice avec correction comparée aux sources;scenario;Non;SKU pour le client natif Bastion : Standard · Option sur Bastion : Native client support · Commande du poste Windows : az network bastion rdp;SKU pour le client natif Bastion : Standard · Option sur Bastion : Native client support · Commande du poste Windows : az network bastion rdp;https://learn.microsoft.com/en-us/azure/bastion/connect-vm-native-client-windows;Quelles trois étapes permettent à un poste Windows de lancer RDP vers une VM privée via Azure Bastion avec un client natif ?
T5-Q121;Déployer et gérer les ressources de calcul Azure;Fiche question/réponse du support;theme;Non;Session persistence to Client IP;Session persistence to Client IP;https://learn.microsoft.com/en-us/azure/load-balancer/distribution-mode-concepts;"You have five Azure virtual machines that run Windows Server 2016. The virtual machines are configured as web servers.

You have an Azure load balancer named LB1 that provides load balancing services for the virtual machines.

You need to ensure that visitors are serviced by the same web server for each request.

What should you configure?"
T5-Q122;Implémenter et gérer les réseaux virtuels;Exercice avec correction comparée aux sources;scenario;Non;IP1 only;IP1 only;https://learn.microsoft.com/en-us/azure/bastion/configuration-settings;"You have an Azure subscription that has the public IP addresses shown in the following table.

You plan to deploy an Azure Bastion Basic SKU host named Bastion1.

Which IP addresses can you use?"
T5-Q123;Déployer et gérer les ressources de calcul Azure;Fiche question/réponse du support;theme;Non;Session persistence to Client IP;Session persistence to Client IP;https://learn.microsoft.com/en-us/azure/load-balancer/distribution-mode-concepts;"You have five Azure virtual machines that run Windows Server 2016. The virtual machines are configured as web servers.

You have an Azure load balancer named LB1 that provides load balancing services for the virtual machines.

You need to ensure that visitors are serviced by the same web server for each request.

What should you configure?"
T5-Q124;Déployer et gérer les ressources de calcul Azure;Fiche question/réponse du support;theme;Non;Session persistence to Client IP;Session persistence to Client IP;https://learn.microsoft.com/en-us/azure/load-balancer/distribution-mode-concepts;"You have five Azure virtual machines that run Windows Server 2016. The virtual machines are configured as web servers.

You have an Azure load balancer named LB1 that provides load balancing services for the virtual machines.

You need to ensure that visitors are serviced by the same web server for each request.

What should you configure?"
T5-Q125;Déployer et gérer les ressources de calcul Azure;Fiche question/réponse du support;theme;Non;D. VM1, Disk1, NetInt1, and VNet1;D. VM1, Disk1, NetInt1, and VNet1;https://learn.microsoft.com/en-us/azure/storage/common/storage-account-overview;"You have two Azure subscriptions named Sub1 and Sub2.

Sub1 contains a virtual machine named VM1 and a storage account named storage1.

VM1 is associated to the resources shown in the following table.

You need to move VM1 to Sub2.

Which resources should you move to Sub2?"
T5-Q126;Déployer et gérer les ressources de calcul Azure;Fiche question/réponse du support;theme;Non;Session persistence to Client IP and protocol;Session persistence to Client IP and protocol;https://learn.microsoft.com/en-us/azure/load-balancer/distribution-mode-concepts;"You have five Azure virtual machines that run Windows Server 2016. The virtual machines are configured as web servers.

You have an Azure load balancer named LB1 that provides load balancing services for the virtual machines.

You need to ensure that visitors are serviced by the same web server for each request.

What should you configure?"
T5-Q127;Déployer et gérer les ressources de calcul Azure;Fiche question/réponse du support;theme;Non;Session persistence to Client IP;Session persistence to Client IP;https://learn.microsoft.com/en-us/azure/load-balancer/distribution-mode-concepts;"You have five Azure virtual machines that run Windows Server 2016. The virtual machines are configured as web servers.

You have an Azure load balancer named LB1 that provides load balancing services for the virtual machines.

You need to ensure that visitors are serviced by the same web server for each request.

What should you configure?"
T5-Q128;Déployer et gérer les ressources de calcul Azure;Fiche question/réponse du support;theme;Non;Session persistence to Client IP;Session persistence to Client IP;https://learn.microsoft.com/en-us/azure/load-balancer/distribution-mode-concepts;"You have five Azure virtual machines that run Windows Server 2016. The virtual machines are configured as web servers.

You have an Azure load balancer named LB1 that provides load balancing services for the virtual machines.

You need to ensure that visitors are serviced by the same web server for each request.

What should you configure?"
T5-Q129;Déployer et gérer les ressources de calcul Azure;Fiche question/réponse du support;theme;Non;D. a Desired State Configuration (DSC) extension;D. a Desired State Configuration (DSC) extension;https://learn.microsoft.com/en-us/azure/azure-resource-manager/templates/deployment-modes;"You plan to deploy several Azure virtual machines that will run Windows Server 2019 in a virtual machine scale set by using an Azure Resource

Manager template.

You need to ensure that NGINX is available on all the virtual machines after they are deployed.

What should you use?"
T5-Q130;Déployer et gérer les ressources de calcul Azure;Fiche question/réponse du support;theme;Non;A. Azure Custom Script Extension;A. Azure Custom Script Extension;https://learn.microsoft.com/en-us/azure/azure-resource-manager/templates/deployment-modes;"You plan to deploy several Azure virtual machines that will run Windows Server 2019 in a virtual machine scale set by using an Azure Resource

Manager template.

You need to ensure that NGINX is available on all the virtual machines after they are deployed.

What should you use?"
T5-Q131;Surveiller et maintenir les ressources Azure;Exercice avec correction comparée aux sources;scenario;Non;a resource guard;a resource guard;https://learn.microsoft.com/en-us/azure/backup/multi-user-authorization;"You have an Azure subscription that contains a Recovery Services vault named Vault1.

You need to enable multi-user authorization (MAU) for Vault1.

Which resource should you create first?"
T5-Q132;Déployer et gérer les ressources de calcul Azure;Exercice avec correction comparée aux sources;scenario;Non;Non;Non;https://learn.microsoft.com/en-us/azure/virtual-network/network-security-groups-overview;Un NSG bloque les connexions d’un client public 131.107.100.50 vers App1 via un Azure Load Balancer. Les règles du Load Balancer sont correctes. Ajouter seulement une règle NSG autorisant la source AzureLoadBalancer vers TCP 443 résout-il l’accès HTTPS du client ?
T5-Q133;Déployer et gérer les ressources de calcul Azure;Fiche question/réponse du support;theme;Non;service endpoints;service endpoints;https://learn.microsoft.com/en-us/azure/virtual-network/virtual-network-service-endpoints-overview;"Your on-premises network contains a VPN gateway.

You have an Azure subscription that contains the resources shown in the following table.

You need to ensure that all the traffic from VM1 to storage1 travels across the Microsoft backbone network.

What should you configure?"
T5-Q134;Déployer et gérer les ressources de calcul Azure;Fiche question/réponse du support;theme;Non;B. Start VM1.;B. Start VM1.;https://learn.microsoft.com/en-us/azure/virtual-machines/availability-set-overview;"You create an Azure VM named VM1 that runs Windows Server 2019.

VM1 is configured as shown in the exhibit. (Click the Exhibit tab.)

You need to enable Desired State Configuration for VM1.

What should you do first?"
T5-Q135;Implémenter et gérer les réseaux virtuels;Fiche question/réponse du support;theme;Non;Sélection 1 : VNet3 only · Sélection 2 : /23;Sélection 1 : VNet3 only · Sélection 2 : /23;https://learn.microsoft.com/en-us/azure/storage/common/storage-account-overview;"You have an Azure subscription that contains the virtual networks shown in the following table.

The subnets have the IP address spaces shown in the following table.

You plan to create a container app named contapp1 in the East US Azure region.

You need to create a container app environment named con-env1 that meets the following requirements:

• Uses its own virtual network.

• Uses its own subnet.

• Is connected to the smallest possible subnet.

To which virtual networks can you connect con-env1, and which subnet mask should you use? To answer, select the appropriate options in the

answer area.

NOTE: Each correct selection is worth one point."
T5-Q136;Implémenter et gérer les réseaux virtuels;Exercice avec correction comparée aux sources;scenario;Non;1;1;https://learn.microsoft.com/en-us/azure/bastion/vnet-peering;"You have an Azure subscription that contains the virtual networks shown in the following table.

All the virtual networks are peered. Each virtual network contains nine virtual machines.

You need to configure secure RDP connections to the virtual machines by using Azure Bastion.

What is the minimum number of Bastion hosts required?"
T5-Q137;Implémenter et gérer les réseaux virtuels;Fiche question/réponse du support;theme;Non;Ligne 1 du tableau : Non · Ligne 2 du tableau : Oui · Ligne 3 du tableau : Non;Ligne 1 du tableau : Non · Ligne 2 du tableau : Oui · Ligne 3 du tableau : Non;https://learn.microsoft.com/en-us/azure/bastion/bastion-overview;"You have an Azure subscription that contains the virtual networks shown in the following table.

The subscription contains the virtual machines shown in the following table.

Each virtual machine contains only a private IP address.

You create an Azure bastion for VNet1 as shown in the following exhibit.

For each of the following statements, select Yes if the statement is true. Otherwise, select No.

NOTE: Each correct selection is worth one point."
T5-Q138;Implémenter et gérer les réseaux virtuels;Fiche question/réponse du support;theme;Non;Ligne 1 du tableau : Oui · Ligne 2 du tableau : Non · Ligne 3 du tableau : Oui;Ligne 1 du tableau : Oui · Ligne 2 du tableau : Non · Ligne 3 du tableau : Oui;https://learn.microsoft.com/en-us/azure/private-link/private-link-faq;"You have an Azure subscription that contains the virtual networks shown in the following table.

The subscription contains the subnets shown in the following table.

The subscription contains the storage accounts shown in the following table.

You create a service endpoint policy named Policy1 in the South Central US Azure region to allow connectivity to all the storage accounts in the

subscription.

For each of the following statements, select Yes if the statement is true. Otherwise, select No.

NOTE: Each correct selection is worth one point."
T5-Q139;Déployer et gérer les ressources de calcul Azure;Fiche question/réponse du support;theme;Non;D. a Desired State Configuration (DSC) extension;D. a Desired State Configuration (DSC) extension;https://learn.microsoft.com/en-us/azure/azure-resource-manager/templates/deployment-modes;"You plan to deploy several Azure virtual machines that will run Windows Server 2019 in a virtual machine scale set by using an Azure Resource

Manager template.

You need to ensure that NGINX is available on all the virtual machines after they are deployed.

What should you use?"
T5-Q140;Implémenter et gérer les réseaux virtuels;Fiche question/réponse du support;theme;Non;B. the public networking type;B. the public networking type;https://learn.microsoft.com/en-us/azure/dns/dns-domain-delegation;"You have an Azure subscription that contains a resource group named RG1 and a virtual network named VNet1.

You plan to create an Azure container instance named container1.

You need to be able to configure DNS name label scope reuse for container1.

What should you configure for container1?"
T5-Q141;Implémenter et gérer les réseaux virtuels;Fiche question/réponse du support;theme;Non;Ligne 1 du tableau : Non · Ligne 2 du tableau : Oui · Ligne 3 du tableau : Non;Ligne 1 du tableau : Non · Ligne 2 du tableau : Oui · Ligne 3 du tableau : Non;https://learn.microsoft.com/en-us/azure/dns/dns-domain-delegation;"You have the Azure virtual machines shown in the following table.

VNET1, VNET2, and VNET3 are peered.

VM4 has a DNS server that is authoritative for a zone named contoso.com and contains the records shown in the following table.

The virtual networks are configured to use the DNS servers shown in the following table.

For each of the following statements, select Yes if the statement is true. Otherwise, select No.

NOTE: Each correct selection is worth one point."
T5-Q142;Déployer et gérer les ressources de calcul Azure;Exercice avec correction comparée aux sources;scenario;Non;Étape 1 : Virtual network · Étape 2 : Network interface · Étape 3 : Virtual machine · Étape 4 : Azure Monitor extension;Étape 1 : Virtual network · Étape 2 : Network interface · Étape 3 : Virtual machine · Étape 4 : Azure Monitor extension;https://learn.microsoft.com/en-us/azure/azure-resource-manager/templates/resource-dependency;En l’absence de références implicites générées par un modèle ARM, dans quel ordre de dépendance déployer le VNet, la NIC, la VM et son extension Azure Monitor ?
T5-Q143;Déployer et gérer les ressources de calcul Azure;Fiche question/réponse du support;theme;Non;A. a Desired State Configuration (DSC) extension;A. a Desired State Configuration (DSC) extension;https://learn.microsoft.com/en-us/azure/virtual-machine-scale-sets/virtual-machine-scale-sets-dsc;"You plan to deploy several Azure virtual machines that will run Windows Server 2019 in a virtual machine scale set by using an Azure Resource

Manager template.

You need to ensure that NGINX is available on all the virtual machines after they are deployed.

What should you use?"
T5-Q144;Implémenter et gérer les réseaux virtuels;Fiche question/réponse du support;theme;Non;B. VM1 and VM2 only;B. VM1 and VM2 only;https://learn.microsoft.com/en-us/azure/bastion/bastion-overview;"You have an Azure subscription that contains the virtual networks shown in the following table.

The subscription contains the virtual machines shown in the following table.

All the virtual machines have only private IP addresses.

You deploy an Azure Bastion host named Bastion1 to VNet1.

To which virtual machines can you connect through Bastion1?"
T5-Q145;Déployer et gérer les ressources de calcul Azure;Fiche question/réponse du support;theme;Non;B. a Desired State Configuration (DSC) extension;B. a Desired State Configuration (DSC) extension;https://learn.microsoft.com/en-us/azure/azure-resource-manager/templates/deployment-modes;"You plan to deploy several Azure virtual machines that will run Windows Server 2019 in a virtual machine scale set by using an Azure Resource

Manager template.

You need to ensure that NGINX is available on all the virtual machines after they are deployed.

What should you use?"
T5-Q146;Déployer et gérer les ressources de calcul Azure;Fiche question/réponse du support;theme;Non;Configure a virtual network.;Configure a virtual network.;https://learn.microsoft.com/en-us/azure/backup/backup-azure-arm-restore-vms;"You have an Azure subscription.

You plan to migrate 50 virtual machines from VMware vSphere to the subscription.

You create a Recovery Services vault.

What should you do next?"
T5-Q147;Implémenter et gérer les réseaux virtuels;Exercice avec correction comparée aux sources;scenario;Non;SKU Bastion pour le client natif : Standard · Taille minimale du sous-réseau : /26 · IP publique pour Bastion Standard : Standard SKU, Static;SKU Bastion pour le client natif : Standard · Taille minimale du sous-réseau : /26 · IP publique pour Bastion Standard : Standard SKU, Static;https://learn.microsoft.com/en-us/azure/bastion/configuration-settings;Quelle configuration Bastion Standard utilise le moins d’adresses dans AzureBastionSubnet tout en satisfaisant la taille et l’IP publique exigées ?
T5-Q148;Implémenter et gérer les réseaux virtuels;Exercice avec correction comparée aux sources;scenario;Non;peering;peering;https://learn.microsoft.com/en-us/azure/virtual-network/virtual-network-peering-overview;"You have an Azure subscription that contains the virtual networks shown in the following table.

You need to ensure that all the traffic between VNet1 and VNet2 traverses the Microsoft backbone network.

What should you configure?"
T5-Q149;Implémenter et gérer les réseaux virtuels;Exercice avec correction comparée aux sources;scenario;Non;VNet3 and VNet4 only;VNet3 and VNet4 only;https://learn.microsoft.com/en-us/azure/virtual-network/virtual-network-peering-overview;"You have the Azure virtual networks shown in the following table.

Which virtual networks can you peer with VNet1?"
T5-Q150;Déployer et gérer les ressources de calcul Azure;Fiche question/réponse du support;theme;Non;OS type;OS type;https://learn.microsoft.com/en-us/azure/app-service/overview-hosting-plans;"You have an Azure subscription.

You are creating a new Azure container instance that will have the following settings:

• Container name: cont1

• SKU: Standard

• OS type: Windows

• Networking type: Public

• Memory (GiB): 2.5

• Number of CPU cores: 2

You discover that the Private setting for Networking type is unavailable.

You need to ensure that cont1 can be configured to use private networking.

Which setting should you change?"
T6-Q1;Surveiller et maintenir les ressources Azure;Fiche question/réponse du support;theme;Non;B. VM1, VM2, VM3 and VM4;B. VM1, VM2, VM3 and VM4;https://learn.microsoft.com/en-us/azure/backup/backup-azure-arm-restore-vms;"You have an Azure subscription that has a Recovery Services vault named Vault1. The subscription contains the virtual machines shown in the

following table:

You plan to schedule backups to occur every night at 23:00.

Which virtual machines can you back up by using Azure Backup?"
T6-Q2;Surveiller et maintenir les ressources Azure;Exercice avec correction comparée aux sources;scenario;Non;an action group;an action group;https://learn.microsoft.com/en-us/azure/azure-monitor/alerts/action-groups;"You have an Azure subscription that contains a virtual machine named VM1.

You plan to deploy an Azure Monitor alert rule that will trigger an alert when CPU usage on VM1 exceeds 80 percent.

You need to ensure that the alert rule sends an email message to two users named User1 and User2.

What should you create for Azure Monitor?"
T6-Q3;Déployer et gérer les ressources de calcul Azure;Exercice avec correction comparée aux sources;scenario;Non;Create a new Recovery Services vault;Create a new Recovery Services vault;https://learn.microsoft.com/en-us/azure/backup/backup-azure-vms-first-look-arm;"You have the Azure virtual machines shown in the following table:

You have a Recovery Services vault that protects VM1 and VM2.

You need to protect VM3 and VM4 by using Recovery Services.

What should you do first?"
T6-Q4;Surveiller et maintenir les ressources Azure;Exercice avec correction comparée aux sources;scenario;Non;Règles d’alerte : 4 · Groupes d’actions : 3;Règles d’alerte : 4 · Groupes d’actions : 3;https://learn.microsoft.com/en-us/azure/azure-monitor/alerts/alerts-overview | https://learn.microsoft.com/en-us/azure/azure-monitor/alerts/action-groups;"You have an Azure subscription that contains an Azure Storage account named storage1 and the users shown in the following table.

You plan to monitor storage1 and to configure email notifications for the signals shown in the following table.

You need to identify the minimum number of alert rules and action groups required for the planned monitoring.

How many alert rules and action groups should you identify? To answer, select the appropriate options in the answer area.

NOTE: Each correct selection is worth one point."
T6-Q5;Surveiller et maintenir les ressources Azure;Fiche question/réponse du support;theme;Non;User1 only;User1 only;https://learn.microsoft.com/en-us/azure/role-based-access-control/role-assignments-portal;"You have an Azure subscription that contains the identities shown in the following table.

User1, Principal1, and Group1 are assigned the Monitoring Reader role.

An action group named AG1 has the Email Azure Resource Manager Role notification type and is configured to email the Monitoring Reader role.

You create an alert rule named Alert1 that uses AG1.

You need to identity who will receive an email notification when Alert1 is triggered.

Who should you identify?"
T6-Q6;Surveiller et maintenir les ressources Azure;Fiche question/réponse du support;theme;Non;Points disponibles le 8 janvier à 14 h : 6 · Points disponibles le 15 janvier à 14 h : 8;Points disponibles le 8 janvier à 14 h : 6 · Points disponibles le 15 janvier à 14 h : 8;https://learn.microsoft.com/en-us/azure/backup/backup-azure-vms-enhanced-policy;"You have an Azure virtual machine named VM1 and a Recovery Services vault named Vault1.

You create a backup policy named Policy1 as shown in the exhibit. (Click the Exhibit tab.)

You configure the backup of VM1 to use Policy1 on Thursday, January 1 at 1:00 AM.

You need to identify the number of available recovery points for VM1.

How many recovery points are available on January 8 and January 15? To answer, select the appropriate options in the answer area.

NOTE: Each correct selection is worth one point."
T6-Q7;Surveiller et maintenir les ressources Azure;Fiche question/réponse du support;theme;Non;App1 : IIS sur serveur physique Windows : Install the Application Insights Agent · App2 : IIS sur VM Windows Server Core : Install the Application Insights Agent;App1 : IIS sur serveur physique Windows : Install the Application Insights Agent · App2 : IIS sur VM Windows Server Core : Install the Application Insights Agent;https://learn.microsoft.com/en-us/azure/azure-monitor/app/codeless-overview;"You have the web apps shown in the following table.

You need to monitor the performance and usage of the apps by using Azure Application Insights. The solution must minimize modifications to the

application code.

What should you do on each app? To answer, select the appropriate options in the answer area.

NOTE: Each correct selection is worth one point."
T6-Q8;Déployer et gérer les ressources de calcul Azure;Fiche question/réponse du support;theme;Non;D. Copy Budget.xls to Data.;D. Copy Budget.xls to Data.;https://learn.microsoft.com/en-us/azure/backup/backup-azure-arm-restore-vms;"You have an Azure virtual machine named VM1.

You use Azure Backup to create a backup of VM1 named Backup1.

After creating Backup1, you perform the following changes to VM1:

✑ Modify the size of VM1.
✑ Copy a file named Budget.xls to a folder named Data.
✑ Reset the password for the built-in administrator account.
✑ Add a data disk to VM1.
An administrator uses the Replace existing option to restore VM1 from Backup1.

You need to ensure that all the changes to VM1 are restored.

Which change should you perform again?"
T6-Q9;Gérer les identités et la gouvernance Azure;Exercice avec correction comparée aux sources;scenario;Non;User2 peut réinitialiser immédiatement son mot de passe avec les seules trois réponses de sécurité. : Non · User1 peut employer une notification d’application mobile pour réinitialiser son mot de passe. : Non · User3 (User Administrator) peut ajouter les questions de sécurité proposées aux méthodes SSPR. : Non;User2 peut réinitialiser immédiatement son mot de passe avec les seules trois réponses de sécurité. : Non · User1 peut employer une notification d’application mobile pour réinitialiser son mot de passe. : Non · User3 (User Administrator) peut ajouter les questions de sécurité proposées aux méthodes SSPR. : Non;https://learn.microsoft.com/en-us/entra/identity/authentication/concept-sspr-policy | https://learn.microsoft.com/en-us/entra/identity/role-based-access-control/permissions-reference;"You have an Azure Active Directory (Azure AD) tenant named contoso.onmicrosoft.com that contains the users shown in the following table.

You enable password reset for contoso.onmicrosoft.com as shown in the Password Reset exhibit. (Click the Password Reset tab.)

You configure the authentication methods for password reset as shown in the Authentication Methods exhibit. (Click the Authentication Methods

tab.)

For each of the following statements, select Yes if the statement is true. Otherwise, select No.

NOTE: Each correct selection is worth one point."
T6-Q10;Gérer les identités et la gouvernance Azure;Fiche question/réponse du support;theme;Non;B. From the Device settings blade, modify the Maximum number of devices per user setting.;B. From the Device settings blade, modify the Maximum number of devices per user setting.;https://learn.microsoft.com/en-us/entra/identity/role-based-access-control/permissions-reference;"Your company has a main office in London that contains 100 client computers.

Three years ago, you migrated to Azure Active Directory (Azure AD).

The company's security policy states that all personal devices and corporate-owned devices must be registered or joined to Azure AD.

A remote user named User1 is unable to join a personal device to Azure AD from a home network.

You verify that User1 was able to join devices to Azure AD in the past.

You need to ensure that User1 can join the device to Azure AD.

What should you do?"
T6-Q11;Déployer et gérer les ressources de calcul Azure;Fiche question/réponse du support;theme;Non;Ligne 1 du tableau : Non · Ligne 2 du tableau : Non · Ligne 3 du tableau : Oui;Ligne 1 du tableau : Non · Ligne 2 du tableau : Non · Ligne 3 du tableau : Oui;https://learn.microsoft.com/en-us/azure/app-service/deploy-staging-slots;"You have two Azure App Service app named App1 and App2. Each app has a production deployment slot and a test deployment slot.

The Backup Configuration settings for the production slots are shown in the following table.

For each of the following statements, select Yes if the statement is true. Otherwise, select No.

NOTE: Each correct selection is worth one point."
T6-Q12;Gérer les identités et la gouvernance Azure;Exercice avec correction comparée aux sources;scenario;Non;SecAdmin1 doit répondre à la question sur sa première ville de travail. : Non · BillAdmin1 doit répondre à la question sur son plat préféré. : Non · User1 (Reports Reader) doit répondre à la question sur son premier animal. : Non;SecAdmin1 doit répondre à la question sur sa première ville de travail. : Non · BillAdmin1 doit répondre à la question sur son plat préféré. : Non · User1 (Reports Reader) doit répondre à la question sur son premier animal. : Non;https://learn.microsoft.com/en-us/entra/identity/authentication/concept-sspr-policy;"You have an Azure subscription that contains an Azure Active Directory (Azure AD) tenant named contoso.com. The tenant is synced to the on-

premises Active

Directory domain. The domain contains the users shown in the following table.

You enable self-service password reset (SSPR) for all users and configure SSPR to have the following authentication methods:

✑ Number of methods required to reset: 2
✑ Methods available to users: Mobile phone, Security questions
✑ Number of questions required to register: 3
✑ Number of questions required to reset: 3
You select the following security questions:

✑ What is your favorite food?
✑ In what city was your first job?
✑ What was the name of your first pet?
For each of the following statements, select Yes if the statement is true. Otherwise, select No.

NOTE: Each correct selection is worth one point."
T6-Q13;Gérer les identités et la gouvernance Azure;Fiche question/réponse du support;theme;Non;A. Yes;A. Yes;https://learn.microsoft.com/en-us/entra/identity/role-based-access-control/permissions-reference;"Note: This question is part of a series of questions that present the same scenario. Each question in the series contains a unique solution that

might meet the stated goals. Some question sets might have more than one correct solution, while others might not have a correct solution.

After you answer a question in this section, you will NOT be able to return to it. As a result, these questions will not appear in the review screen.

You have an Azure subscription that contains the following users in an Azure Active Directory tenant named contoso.onmicrosoft.com:

User1 creates a new Azure Active Directory tenant named external.contoso.onmicrosoft.com.

You need to create new user accounts in external.contoso.onmicrosoft.com.

Solution: You instruct User1 to create the user accounts.

Does that meet the goal?"
T6-Q14;Surveiller et maintenir les ressources Azure;Exercice avec correction comparée aux sources;scenario;Non;Connection Monitor;Connection Monitor;https://learn.microsoft.com/en-us/azure/network-watcher/connection-monitor-overview;Vous surveillez la latence entre le réseau local et des VM Azure. Quel service Network Watcher actuel utilisez-vous ?
T6-Q15;Déployer et gérer les ressources de calcul Azure;Fiche question/réponse du support;theme;Non;Fréquence de calcul de la moyenne par jour : four times · Action sur ASP1 pour absorber les pics de CPU : scaled out;Fréquence de calcul de la moyenne par jour : four times · Action sur ASP1 pour absorber les pics de CPU : scaled out;https://learn.microsoft.com/en-us/azure/app-service/manage-scale-up;"You have an Azure App Service plan named ASP1.

CPU usage for ASP1 is shown in the following exhibit.

Use the drop-down menus to select the answer choice that completes each statement based on the information presented in the graphic.

NOTE: Each correct selection is worth one point."
T6-Q16;Surveiller et maintenir les ressources Azure;Exercice avec correction comparée aux sources;scenario;Non;Étape 1 : Select File Recovery in the Recovery Services vault · Étape 2 : Select the restore point · Étape 3 : Download and run the mount script · Étape 4 : Copy the files using File Explorer;Étape 1 : Select File Recovery in the Recovery Services vault · Étape 2 : Select the restore point · Étape 3 : Download and run the mount script · Étape 4 : Copy the files using File Explorer;https://learn.microsoft.com/en-us/azure/backup/backup-azure-restore-files-from-vm;"You have an Azure Linux virtual machine that is protected by Azure Backup.

One week ago, two files were deleted from the virtual machine.

You need to restore the deleted files to an on-premises Windows Server 2016 computer as quickly as possible.

Which four actions should you perform in sequence? To answer, move the appropriate actions from the list of actions to the answer area and

arrange them in the correct order."
T6-Q17;Déployer et gérer les ressources de calcul Azure;Exercice avec correction comparée aux sources;scenario;Non;Conteneur des sauvegardes de VM Azure : Recovery Services vault · Définition de 01 h et 30 jours : Backup policy;Conteneur des sauvegardes de VM Azure : Recovery Services vault · Définition de 01 h et 30 jours : Backup policy;https://learn.microsoft.com/en-us/azure/backup/backup-azure-vms-first-look-arm;"You purchase a new Azure subscription named Subscription1.

You create a virtual machine named VM1 in Subscription1. VM1 is not protected by Azure Backup.

You need to protect VM1 by using Azure Backup. Backups must be created at 01:00 and stored for 30 days.

What should you do? To answer, select the appropriate options in the answer area.

NOTE: Each correct selection is worth one point."
T6-Q18;Surveiller et maintenir les ressources Azure;Exercice avec correction comparée aux sources;scenario;Non;Azure Log Analytics workspace;Azure Log Analytics workspace;https://learn.microsoft.com/en-us/azure/azure-monitor/alerts/alerts-create-log-alert-rule | https://learn.microsoft.com/en-us/azure/azure-monitor/vm/data-collection-windows-events;"You have an Azure virtual machine named VM1.

Azure collects events from VM1.

You are creating an alert rule in Azure Monitor to notify an administrator when an error is logged in the System event log of VM1.

Which target resource should you monitor in the alert rule?"
T6-Q19;Déployer et gérer les ressources de calcul Azure;Fiche question/réponse du support;theme;Non;D. From Azure Cost Management, view Advisor Recommendations;D. From Azure Cost Management, view Advisor Recommendations;https://learn.microsoft.com/en-us/azure/virtual-machines/availability-set-overview;"You have an Azure subscription that contains 100 virtual machines.

You regularly create and delete virtual machines.

You need to identify unattached disks that can be deleted.

What should you do?"
T6-Q20;Déployer et gérer les ressources de calcul Azure;Fiche question/réponse du support;theme;Non;A. From webapp1, enable Web server logging;A. From webapp1, enable Web server logging;https://learn.microsoft.com/en-us/azure/app-service/overview-hosting-plans;"You have an Azure web app named webapp1.

Users report that they often experience HTTP 500 errors when they connect to webapp1.

You need to provide the developers of webapp1 with real-time access to the connection errors. The solution must provide all the connection error

details.

What should you do first?"
T6-Q21;Surveiller et maintenir les ressources Azure;Fiche question/réponse du support;theme;Non;B. Azure Application Insights;B. Azure Application Insights;https://learn.microsoft.com/en-us/azure/azure-monitor/logs/log-query-overview;"You have an Azure web app named App1.

You need to monitor the availability of App1 by using a multi-step web test.

What should you use in Azure Monitor?"
T6-Q22;Surveiller et maintenir les ressources Azure;Exercice avec correction comparée aux sources;scenario;Non;Table KQL : AzureActivity · Opérateur de sélection des trois colonnes : project;Table KQL : AzureActivity · Opérateur de sélection des trois colonnes : project;https://learn.microsoft.com/en-us/azure/azure-monitor/logs/log-query-overview | https://learn.microsoft.com/en-us/kusto/query/project-operator?view=microsoft-fabric;"You have an Azure subscription that has diagnostic logging enabled and is configured to send logs to a Log Analytics workspace.

You are investigating a service outage.

You need to view the event time, the event name, and the affected resources.

How should you complete the query? To answer, select the appropriate options in the answer area.

NOTE: Each correct selection is worth one point."
T6-Q23;Surveiller et maintenir les ressources Azure;Fiche question/réponse du support;theme;Non;D. Restore VM1 by using the Create new restore configuration option.;D. Restore VM1 by using the Create new restore configuration option.;https://learn.microsoft.com/en-us/azure/backup/backup-azure-arm-restore-vms;"You have a Recovery Services vault named RSV1. RSV1 has a backup policy that retains instant snapshots for five days and daily backup for 14

days.

RSV1 performs daily backups of VM1. VM1 hosts a static website that was updated eight days ago.

You need to recover VM1 to a point eight days ago. The solution must minimize downtime.

What should you do first?"
T6-Q24;Surveiller et maintenir les ressources Azure;Exercice avec correction comparée aux sources;scenario;Non;Source pour les journaux invités via Azure Monitor Agent : VM1 only · Destination de ces journaux : Workspace1 only;Source pour les journaux invités via Azure Monitor Agent : VM1 only · Destination de ces journaux : Workspace1 only;https://learn.microsoft.com/en-us/azure/azure-monitor/data-collection/data-collection-rule-overview | https://learn.microsoft.com/en-us/azure/azure-monitor/data-collection/metrics-export-reference;Vous configurez DCR1 pour collecter les journaux invités de VM1 au moyen d’Azure Monitor Agent. Le même abonnement contient storage1 (Storage), Workspace1 (Log Analytics) et DB1 (Azure SQL). Parmi ces ressources, quelles sont la source et la destination de cette collecte de journaux ?
T6-Q25;Gérer les identités et la gouvernance Azure;Fiche question/réponse du support;theme;Non;Propriétaires effectifs de VM1 : User1 and User3 are · Utilisateurs pouvant créer une VM dans RG1 : User1 and User4;Propriétaires effectifs de VM1 : User1 and User3 are · Utilisateurs pouvant créer une VM dans RG1 : User1 and User4;https://learn.microsoft.com/en-us/azure/role-based-access-control/built-in-roles;"You have the role assignment file shown in the following exhibit.

Use the drop-down menus to select the answer choice that completes each statement based on the information presented in the graphic.

NOTE: Each correct selection is worth one point."
T6-Q26;Gérer les identités et la gouvernance Azure;Exercice avec correction comparée aux sources;scenario;Non;Role1 permet à son titulaire d’attribuer Role1 à un autre utilisateur. : Non · Role1 permet de déployer une nouvelle VM. : Oui · Role1 permet d’attribuer une adresse IP privée statique à la carte réseau de la VM. : Oui;Role1 permet à son titulaire d’attribuer Role1 à un autre utilisateur. : Non · Role1 permet de déployer une nouvelle VM. : Oui · Role1 permet d’attribuer une adresse IP privée statique à la carte réseau de la VM. : Oui;https://learn.microsoft.com/en-us/azure/role-based-access-control/built-in-roles | https://learn.microsoft.com/fr-fr/azure/virtual-network/ip-services/virtual-networks-static-private-ip;"You have the following custom role-based access control (RBAC) role.

For each of the following statements, select Yes if the statement is true. Otherwise, select No.

NOTE: Each correct selection is worth one point."
T6-Q27;Implémenter et gérer les réseaux virtuels;Fiche question/réponse du support;theme;Non;VM1 peut accéder à storage1 en HTTPS. : Oui · VM2 peut se connecter en HTTPS à VM1. : Oui · NSG1 s’applique à toutes les VM de VNET1. : Non;VM1 peut accéder à storage1 en HTTPS. : Oui · VM2 peut se connecter en HTTPS à VM1. : Oui · NSG1 s’applique à toutes les VM de VNET1. : Non;https://learn.microsoft.com/en-us/azure/virtual-network/network-security-groups-overview;"You have an Azure subscription that contains the resources shown in the following table.

NSG1 is configured as shown in the following exhibit.

For each of the following statements, select Yes if the statement is true. Otherwise, select No.

NOTE: Each correct selection is worth one point."
T6-Q28;Implémenter et gérer les réseaux virtuels;Fiche question/réponse du support;theme;Non;C. Download and re-install the VPN client configuration package on Client1.;C. Download and re-install the VPN client configuration package on Client1.;https://learn.microsoft.com/en-us/azure/virtual-network/virtual-network-peering-overview;"You have an Azure subscription named Subscription1 that contains two Azure virtual networks named VNet1 and VNet2. VNet1 contains a VPN

gateway named

VPNGW1 that uses static routing. There is a site-to-site VPN connection between your on-premises network and VNet1.

On a computer named Client1 that runs Windows 10, you configure a point-to-site VPN connection to VNet1.

You configure virtual network peering between VNet1 and VNet2. You verify that you can connect to VNet2 from the on-premises network. Client1

is unable to connect to VNet2.

You need to ensure that you can connect Client1 to VNet2.

What should you do?"
T6-Q29;Gérer les identités et la gouvernance Azure;Fiche question/réponse du support;theme;Non;Ligne 1 du tableau : Non · Ligne 2 du tableau : Non · Ligne 3 du tableau : Non;Ligne 1 du tableau : Non · Ligne 2 du tableau : Non · Ligne 3 du tableau : Non;https://learn.microsoft.com/en-us/azure/role-based-access-control/role-assignments-portal;"You have two Azure subscriptions named Sub1 and Sub2. Sub1 is in a management group named MG1. Sub2 is in a management group named

MG2.

You have the resource groups shown in the following table.

You have the virtual machines shown in the following table.

You assign roles to users as shown in the following table.

For each of the following statements, select Yes if the statement is true. Otherwise, select No.

NOTE: Each correct selection is worth one point."
T6-Q30;Gérer les identités et la gouvernance Azure;Fiche question/réponse du support;theme;Non;D. a Log Analytics workspace;D. a Log Analytics workspace;https://learn.microsoft.com/en-us/azure/azure-monitor/logs/log-query-overview;"You have an Azure Active Directory (Azure AD) tenant that is linked to 10 Azure subscriptions.

You need to centrally monitor user activity across all the subscriptions.

What should you use?"
T6-Q31;Déployer et gérer les ressources de calcul Azure;Fiche question/réponse du support;theme;Non;Étape 1 : Create an Azure Backup vault · Étape 2 : Create a backup policy and configure the backup · Étape 3 : Configure a managed identity;Étape 1 : Create an Azure Backup vault · Étape 2 : Create a backup policy and configure the backup · Étape 3 : Configure a managed identity;https://learn.microsoft.com/en-us/azure/backup/backup-azure-arm-restore-vms;"You have an Azure subscription that contains a virtual machine name VM1.

VM1 has an operating system disk named Disk1 and a data disk named Disk2.

You need to back up Disk2 by using Azure Backup.

Which three actions should you perform in sequence? To answer, move the appropriate actions from the list of actions to the answer area and

arrange them in the correct order."
T6-Q32;Implémenter et gérer les réseaux virtuels;Fiche question/réponse du support;theme;Non;C. Service Tag;C. Service Tag;https://learn.microsoft.com/en-us/azure/virtual-network/network-security-groups-overview;"You have a subnet named Subnet1 that contains Azure virtual machines. A network security group (NSG) named NSG1 is associated to Subnet1.

NSG1 only contains the default rules.

You need to create a rule in NSG1 to prevent the hosts on Subnet1 form connecting to the Azure portal. The hosts must be able to connect to

other internet hosts.

To what should you set Destination in the rule?"
T6-Q33;Surveiller et maintenir les ressources Azure;Fiche question/réponse du support;theme;Non;"search in (Event) ""error""";"search in (Event) ""error""";https://learn.microsoft.com/en-us/kusto/query/search-operator?view=microsoft-fabric;"You have an Azure subscription named Subscription1 that contains an Azure Log Analytics workspace named Workspace1.

You need to view the error events from a table named Event.

Which query should you run in Workspace1?"
T6-Q34;Déployer et gérer les ressources de calcul Azure;Exercice avec correction comparée aux sources;scenario;Non;Azure Application Insights Profiler;Azure Application Insights Profiler;https://learn.microsoft.com/en-us/azure/azure-monitor/app/codeless-overview;"You have an Azure App Service web app named App1.

You need to collect performance traces for App1.

What should you use?"
T6-Q35;Implémenter et gérer le stockage;Fiche question/réponse du support;theme;Non;B. storage2;B. storage2;https://learn.microsoft.com/en-us/azure/app-service/overview-hosting-plans;"You have an Azure subscription that contains the storage accounts shown in the following table.

You deploy a web app named App1 to the West US Azure region.

You need to back up App1. The solution must minimize costs.

Which storage account should you use as the target for the backup?"
T6-Q36;Gérer les identités et la gouvernance Azure;Fiche question/réponse du support;theme;Non;Sélection 1 : Only Alert2 is triggered · Sélection 2 : Alert1 and Alert2 are triggered;Sélection 1 : Only Alert2 is triggered · Sélection 2 : Alert1 and Alert2 are triggered;https://learn.microsoft.com/en-us/azure/azure-monitor/logs/log-query-overview;"You have an Azure subscription that is linked to an Azure AD tenant. The tenant contains two users named User1 and User2.

The subscription contains the resources shown in the following table.

The subscription contains the alert rules shown in the following table.

The users perform the following action:

• User1 creates a new virtual disk and attaches the disk to VM1

• User2 creates a new resource tag and assigns the tag to RG1 and VM1

Which alert rules are triggered by each user? To answer, select the appropriate options in the answer area.

NOTE: Each correct selection is worth one point."
T6-Q37;Déployer et gérer les ressources de calcul Azure;Fiche question/réponse du support;theme;Non;A. a Desired State Configuration (DSC) extension;A. a Desired State Configuration (DSC) extension;https://learn.microsoft.com/en-us/azure/azure-resource-manager/templates/deployment-modes;"You plan to deploy several Azure virtual machines that will run Windows Server 2019 in a virtual machine scale set by using an Azure Resource

Manager template.

You need to ensure that NGINX is available on all the virtual machines after they are deployed.

What should you use?"
T6-Q38;Implémenter et gérer les réseaux virtuels;Fiche question/réponse du support;theme;Non;B. 2;B. 2;https://learn.microsoft.com/en-us/azure/private-link/private-link-faq;"You have an Azure subscription that contains eight virtual machines and the resources shown in the following table.

You need to configure access for VNET1. The solution must meet the following requirements:

• The virtual machines connected to VNET1 must be able to communicate with the virtual machines connected to VNET2 by using the Microsoft

backbone.

• The virtual machines connected to VNET1 must be able to access storage1, storage2, and Azure AD by using the Microsoft backbone.

What is the minimum number of service endpoints you should add to VNET1?"
T6-Q39;Déployer et gérer les ressources de calcul Azure;Exercice avec correction comparée aux sources;scenario;Non;Create a TXT record named asuid that contains the domain verification ID.;Create a TXT record named asuid that contains the domain verification ID.;https://learn.microsoft.com/en-us/azure/app-service/app-service-web-tutorial-custom-domain;"You need to configure an Azure web app named contoso.azurewebsites.net to host www.contoso.com.

What should you do first?"
T6-Q40;Surveiller et maintenir les ressources Azure;Exercice avec correction comparée aux sources;scenario;Non;Virtual network flow logs dans Azure Network Watcher;Virtual network flow logs dans Azure Network Watcher;https://learn.microsoft.com/en-us/azure/network-watcher/vnet-flow-logs-manage;Vous souhaitez détecter du trafic réseau suspect sur un VNet Azure avec Traffic Analytics. Quelle collecte de flux activez-vous ?
T6-Q41;Surveiller et maintenir les ressources Azure;Fiche question/réponse du support;theme;Non;Ligne 1 du tableau : Oui · Ligne 2 du tableau : Non · Ligne 3 du tableau : Oui;Ligne 1 du tableau : Oui · Ligne 2 du tableau : Non · Ligne 3 du tableau : Oui;https://learn.microsoft.com/en-us/azure/azure-monitor/alerts/action-groups;"You have an Azure subscription named Sub1 that contains the resources shown in the following table.

Sub1 contains the following alert rule:

• Name: Alert1

• Scope: All resource groups in Sub1

o Include all future resources

• Condition: All administrative operations

• Actions: Action1

Sub1 contains the following alert processing rule:

• Name: Rule1

• Scope: Sub1

• Rule type: Suppress notifications

• Apply the rule: On a specific time

o Start: August 10, 2022

o End: August 13, 2022

For each of the following statements, select Yes if the statement is true. Otherwise, select No.

NOTE: Each correct selection is worth one point."
T6-Q42;Implémenter et gérer le stockage;Exercice avec correction comparée aux sources;scenario;Non;object replication;object replication;https://learn.microsoft.com/en-us/azure/storage/blobs/object-replication-overview;"You have an Azure subscription that contains a storage account named storage1 in the North Europe Azure region.

You need to ensure that when blob data is added to storage1, a secondary copy is created in the East US region. The solution must minimize

administrative effort.

What should you configure?"
T6-Q43;Déployer et gérer les ressources de calcul Azure;Exercice avec correction comparée aux sources;scenario;Non;the Azure Monitor agent;the Azure Monitor agent;https://learn.microsoft.com/en-us/azure/azure-monitor/data-collection/data-collection-rule-overview | https://learn.microsoft.com/en-us/azure/azure-monitor/vm/data-collection-windows-events;"You have an Azure subscription that contains two Log Analytics workspaces named Workspace1 and Workspace2 and 100 virtual machines that

run Windows Server.

You need to collect performance data and events from the virtual machines. The solution must meet the following requirements:

• Logs must be sent to Workspace1 and Workspace 2.

• All Windows events must be captured.

• All security events must be captured.

What should you install and configure on each virtual machine?"
T6-Q44;Déployer et gérer les ressources de calcul Azure;Exercice avec correction comparée aux sources;scenario;Non;an action group;an action group;https://learn.microsoft.com/en-us/azure/azure-monitor/alerts/action-groups;"You have an Azure subscription that contains a virtual machine named VM1 and an Azure function named App1.

You need to create an alert rule that will run App1 if VM1 stops.

What should you create for the alert rule?"
T6-Q45;Implémenter et gérer les réseaux virtuels;Exercice avec correction comparée aux sources;scenario;Non;Azure Monitor Network Insights;Azure Monitor Network Insights;https://learn.microsoft.com/en-us/azure/expressroute/expressroute-network-insights;"You have an Azure subscription that contains a virtual network named VNet1.

VNet1 uses two ExpressRoute circuits that connect to two separate on-premises datacenters.

You need to create a dashboard to display detailed metrics and a visual representation of the network topology.

What should you use?"
T6-Q46;Implémenter et gérer les réseaux virtuels;Exercice avec correction comparée aux sources;scenario;Non;IP flow verify + Connection troubleshoot;IP flow verify + Connection troubleshoot;https://learn.microsoft.com/en-us/azure/network-watcher/ip-flow-verify-overview | https://learn.microsoft.com/en-us/azure/network-watcher/connection-monitor-overview;"You deploy Azure virtual machines to three Azure regions

Each region contains a virtual network. Each virtual network contains multiple subnets peered in a full mesh topology.

Each subnet contains a network security group (NSG) that has defined rules.

A user reports that he cannot use port 33000 to connect from a virtual machine in one region to a virtual machine in another region.

Which two options can you use to diagnose the issue? Each correct answer presents a complete solution.

NOTE: Each correct selection is worth one point."
T6-Q47;Gérer les identités et la gouvernance Azure;Exercice avec correction comparée aux sources;scenario;Non;a resource, a condition, and an action group;a resource, a condition, and an action group;https://learn.microsoft.com/en-us/azure/azure-monitor/alerts/alerts-create-activity-log-alert-rule;"You have an Azure subscription.

You need to receive an email alert when a resource lock is removed from any resource in the subscription.

What should you use to create an activity log alert in Azure Monitor?"
T6-Q48;Surveiller et maintenir les ressources Azure;Exercice avec correction comparée aux sources;scenario;Non;État « User response » de Alert1 actuellement Closed : can be changed to New or Acknowledged · État « User response » de Alert2 actuellement New : can be changed to Acknowledged or Closed;État « User response » de Alert1 actuellement Closed : can be changed to New or Acknowledged · État « User response » de Alert2 actuellement New : can be changed to Acknowledged or Closed;https://learn.microsoft.com/en-us/azure/azure-monitor/alerts/alerts-overview;"You have an Azure subscription that contains the alerts shown in the following exhibit.

Use the drop-down menus to select the answer choice that completes each statement based on the information presented in the graphic.

NOTE: Each correct selection is worth one point."
T6-Q49;Surveiller et maintenir les ressources Azure;Fiche question/réponse du support;theme;Non;Sélection 1 : 10 years · Sélection 2 : 36 months;Sélection 1 : 10 years · Sélection 2 : 36 months;https://learn.microsoft.com/en-us/azure/backup/backup-azure-arm-restore-vms;"You create a Recovery Services vault backup policy named Policy1 as shown in the following exhibit:

Use the drop-down menus to select the answer choice that completes each statement based on the information presented in the graphic.

NOTE: Each correct selection is worth one point."
T6-Q50;Déployer et gérer les ressources de calcul Azure;Fiche question/réponse du support;theme;Non;Ligne 1 du tableau : Oui · Ligne 2 du tableau : Non · Ligne 3 du tableau : Oui;Ligne 1 du tableau : Oui · Ligne 2 du tableau : Non · Ligne 3 du tableau : Oui;https://learn.microsoft.com/en-us/azure/backup/backup-azure-arm-restore-vms;"You have an Azure subscription that contains the vaults shown in the following table.

You deploy the virtual machines shown in the following table.

You have the backup policies shown in the following table.

For each of the following statements, select Yes if the statement is true. Otherwise, select No.

NOTE: Each correct selection is worth one point."
T6-Q51;Déployer et gérer les ressources de calcul Azure;Exercice avec correction comparée aux sources;scenario;Non;an Azure Monitor Private Link Scope (AMPLS);an Azure Monitor Private Link Scope (AMPLS);https://learn.microsoft.com/en-us/azure/azure-monitor/fundamentals/private-link-security;"You have an Azure subscription. The subscription contains virtual machines that connect to a virtual network named VNet1.

You plan to configure Azure Monitor for VM Insights.

You need to ensure that all the virtual machines only communicate with Azure Monitor through VNet1.

What should you create first?"
T6-Q52;Implémenter et gérer le stockage;Fiche question/réponse du support;theme;Non;Protection du conteneur cont1 : Backup1 only · Protection du partage share1 : Recovery1 only;Protection du conteneur cont1 : Backup1 only · Protection du partage share1 : Recovery1 only;https://learn.microsoft.com/en-us/azure/backup/azure-file-share-support-matrix | https://learn.microsoft.com/en-us/azure/backup/backup-azure-vms-first-look-arm;"You have an Azure subscription that contains the vaults shown in the following table.

You create a storage account that contains the resources shown in the following table.

To which vault can you back up cont1 and share1? To answer, select the appropriate options in the answer area.

NOTE: Each correct answer is worth one point."
T6-Q53;Surveiller et maintenir les ressources Azure;Exercice avec correction comparée aux sources;scenario;Non;Backlogged Input Events;Backlogged Input Events;https://learn.microsoft.com/en-us/azure/stream-analytics/stream-analytics-monitoring;"You have an Azure subscription that contains an Azure Stream Analytics job named Job1.

You need to monitor input events for Job1 to identify the number of events that were NOT processed.

Which metric should you use?"
T6-Q54;Surveiller et maintenir les ressources Azure;Exercice avec correction comparée aux sources;scenario;Non;Send to a Log Analytics workspace.;Send to a Log Analytics workspace.;https://learn.microsoft.com/en-us/azure/azure-sql/database/metrics-diagnostic-telemetry-logging-streaming-export-configure;"You have an Azure subscription that contains an Azure SQL database named DB1.

You plan to use Azure Monitor to monitor the performance of DB1. You must be able to run queries to analyze log data.

Which destination should you configure in the Diagnostic settings of DB1?"
T6-Q55;Déployer et gérer les ressources de calcul Azure;Exercice avec correction comparée aux sources;scenario;Non;XPath;XPath;https://learn.microsoft.com/en-us/azure/azure-monitor/vm/data-collection-windows-events;"You have an Azure subscription. The subscription contains virtual machines that run Windows Server.

You have a data collection rule (DCR) named Rule1.

You plan to use the Azure Monitor Agent to collect events from Windows System event logs.

You only need to collect system events that have an ID of 1001.

Which type of query should you use for the data source in Rule1?"
T6-Q56;Implémenter et gérer les réseaux virtuels;Fiche question/réponse du support;theme;Non;A. the Azure Connected Machine agent for Azure Arc-enabled servers;A. the Azure Connected Machine agent for Azure Arc-enabled servers;https://learn.microsoft.com/en-us/azure/virtual-machines/availability-set-overview;"You have an Azure subscription that contains a virtual machine named VM1.

You have an on-premises datacenter that contains a domain controller named DC1. ExpressRoute is used to connect the on-premises datacenter

to Azure.

You need to use Connection Monitor to identify network latency between VM1 and DC1.

What should you install on DC1?"
T6-Q57;Surveiller et maintenir les ressources Azure;Exercice avec correction comparée aux sources;scenario;Non;Virtual network flow logs pour VNet1;Virtual network flow logs pour VNet1;https://learn.microsoft.com/en-us/azure/network-watcher/vnet-flow-logs-manage;Vous déployez VM1 sur VNet1 en East US et voulez analyser ses flux dans Traffic Analytics. Quelle collecte de flux réseau configurez-vous ?
T6-Q58;Surveiller et maintenir les ressources Azure;Fiche question/réponse du support;theme;Non;A. a data collection endpoint;A. a data collection endpoint;https://learn.microsoft.com/en-us/azure/azure-monitor/logs/log-query-overview;"You have an Azure subscription. The subscription contains 10 virtual machines that run Windows Server. Each virtual machine hosts a website in

IIS and has the Azure Monitor Agent installed.

You need to collect the IIS logs from each virtual machine and store them in a Log Analytics workspace.

What should you configure first?"
T6-Q59;Implémenter et gérer les réseaux virtuels;Fiche question/réponse du support;theme;Non;Ligne 1 du tableau : Non · Ligne 2 du tableau : Oui · Ligne 3 du tableau : Oui;Ligne 1 du tableau : Non · Ligne 2 du tableau : Oui · Ligne 3 du tableau : Oui;https://learn.microsoft.com/en-us/azure/private-link/private-link-faq;"You have an Azure subscription that contains two storage accounts named contoso101 and contoso102.

The subscription contains the virtual machines shown in the following table.

VNet1 has service endpoints configured as shown in the Service endpoints exhibit. (Click the Service endpoints tab.)

The Microsoft.Storage service endpoint has the service endpoint policy shown in the Microsoft.Storage exhibit. (Click the Microsoft.Storage tab.)

For each of the following statements, select Yes if the statement is true. Otherwise, select No.

NOTE: Each correct selection is worth one point."
T6-Q60;Déployer et gérer les ressources de calcul Azure;Exercice avec correction comparée aux sources;scenario;Non;a Log Analytics workspace + a storage account;a Log Analytics workspace + a storage account;https://learn.microsoft.com/en-us/azure/network-watcher/vnet-flow-logs-manage;"You have an Azure subscription that contains multiple virtual machines in the West US Azure region.

You need to use Traffic Analytics in Azure Network Watcher to monitor virtual machine traffic.

Which two resources should you create? Each correct answer presents part of the solution.

NOTE: Each correct selection is worth one point."
T7-Q1;Gérer les identités et la gouvernance Azure;Fiche question/réponse du support;theme;Non;Sélection 1 : Selected - Pilot group · Sélection 2 : Yes;Sélection 1 : Selected - Pilot group · Sélection 2 : Yes;https://learn.microsoft.com/en-us/azure/backup/backup-azure-arm-restore-vms;"Introductory Info
Case study -

This is a case study. Case studies are not timed separately. You can use as much exam time as you would like to complete each case. However,

there may be additional case studies and sections on this exam. You must manage your time to ensure that you are able to complete all questions

included on this exam in the time provided.

To answer the questions included in a case study, you will need to reference information that is provided in the case study. Case studies might

contain exhibits and other resources that provide more information about the scenario that is described in the case study. Each question is

independent of the other questions in this case study.

At the end of this case study, a review screen will appear. This screen allows you to review your answers and to make changes before you move to

the next section of the exam. After you begin a new section, you cannot return to this section.

To start the case study -

To display the first question in this case study, click the Next button. Use the buttons in the left pane to explore the content of the case study

before you answer the questions. Clicking these buttons displays information such as business requirements, existing environment, and problem

statements. If the case study has an All Information tab, note that the information displayed is identical to the information displayed on the

subsequent tabs. When you are ready to answer a question, click the Question button to return to the question.

Overview -

Contoso, Ltd. is a manufacturing company that has offices worldwide. Contoso works with partner organizations to bring products to market.

Contoso products are manufactured by using blueprint files that the company authors and maintains.

Existing Environment -

Currently, Contoso uses multiple types of servers for business operations, including the following:

File servers

Domain controllers

Microsoft SQL Server servers

Your network contains an Active Directory forest named contoso.com. All servers and client computers are joined to Active Directory.

You have a public-facing application named App1. App1 is comprised of the following three tiers:

A SQL database

A web front end

A processing middle tier -

Each tier is comprised of five virtual machines. Users access the web front end by using HTTPS only.

Requirements -

Planned Changes -

Contoso plans to implement the following changes to the infrastructure:

Move all the tiers of App1 to Azure.

Move the existing product blueprint files to Azure Blob storage.

Create a hybrid directory to support an upcoming Microsoft 365 migration project.

Technical Requirements -

Contoso must meet the following technical requirements:

Move all the virtual machines for App1 to Azure.

Minimize the number of open ports between the App1 tiers.

Ensure that all the virtual machines for App1 are protected by backups.

Copy the blueprint files to Azure over the Internet.

Ensure that the blueprint files are stored in the archive storage tier.

Ensure that partner access to the blueprint files is secured and temporary.

Prevent user passwords or hashes of passwords from being stored in Azure.

Use unmanaged standard storage for the hard disks of the virtual machines.

Ensure that when users join devices to Azure Active Directory (Azure AD), the users use a mobile phone to verify their identity.

Minimize administrative effort whenever possible.

User Requirements -

Contoso identifies the following requirements for users:

Ensure that only users who are part of a group named Pilot can join devices to Azure AD.

Designate a new user named Admin1 as the service admin for the Azure subscription.

Admin1 must receive email alerts regarding service outages.

Ensure that a new user named User3 can create network objects for the Azure subscription.

Question
HOTSPOT -

You need to configure the Device settings to meet the technical requirements and the user requirements.

Which two settings should you modify? To answer, select the appropriate settings in the answer area."
T7-Q2;Gérer les identités et la gouvernance Azure;Fiche question/réponse du support;theme;Non;En 2026 : attribuer à Admin1 un rôle Azure RBAC approprié sur la souscription et créer une alerte Service Health envoyée à son adresse. Aucune des quatre propositions historiques ne couvre entièrement les deux besoins actuels.;D. From the Subscriptions blade, select the subscription, and then modify the Properties;https://learn.microsoft.com/en-us/azure/role-based-access-control/classic-administrators | https://learn.microsoft.com/en-us/azure/service-health/alerts-activity-log-service-notifications-portal;"Introductory Info
Case study -

This is a case study. Case studies are not timed separately. You can use as much exam time as you would like to complete each case. However,

there may be additional case studies and sections on this exam. You must manage your time to ensure that you are able to complete all questions

included on this exam in the time provided.

To answer the questions included in a case study, you will need to reference information that is provided in the case study. Case studies might

contain exhibits and other resources that provide more information about the scenario that is described in the case study. Each question is

independent of the other questions in this case study.

At the end of this case study, a review screen will appear. This screen allows you to review your answers and to make changes before you move to

the next section of the exam. After you begin a new section, you cannot return to this section.

To start the case study -

To display the first question in this case study, click the Next button. Use the buttons in the left pane to explore the content of the case study

before you answer the questions. Clicking these buttons displays information such as business requirements, existing environment, and problem

statements. If the case study has an All Information tab, note that the information displayed is identical to the information displayed on the

subsequent tabs. When you are ready to answer a question, click the Question button to return to the question.

Overview -

Contoso, Ltd. is a manufacturing company that has offices worldwide. Contoso works with partner organizations to bring products to market.

Contoso products are manufactured by using blueprint files that the company authors and maintains.

Existing Environment -

Currently, Contoso uses multiple types of servers for business operations, including the following:

File servers

Domain controllers

Microsoft SQL Server servers

Your network contains an Active Directory forest named contoso.com. All servers and client computers are joined to Active Directory.

You have a public-facing application named App1. App1 is comprised of the following three tiers:

A SQL database

A web front end

A processing middle tier -

Each tier is comprised of five virtual machines. Users access the web front end by using HTTPS only.

Requirements -

Planned Changes -

Contoso plans to implement the following changes to the infrastructure:

Move all the tiers of App1 to Azure.

Move the existing product blueprint files to Azure Blob storage.

Create a hybrid directory to support an upcoming Microsoft 365 migration project.

Technical Requirements -

Contoso must meet the following technical requirements:

Move all the virtual machines for App1 to Azure.

Minimize the number of open ports between the App1 tiers.

Ensure that all the virtual machines for App1 are protected by backups.

Copy the blueprint files to Azure over the Internet.

Ensure that the blueprint files are stored in the archive storage tier.

Ensure that partner access to the blueprint files is secured and temporary.

Prevent user passwords or hashes of passwords from being stored in Azure.

Use unmanaged standard storage for the hard disks of the virtual machines.

Ensure that when users join devices to Azure Active Directory (Azure AD), the users use a mobile phone to verify their identity.

Minimize administrative effort whenever possible.

User Requirements -

Contoso identifies the following requirements for users:

Ensure that only users who are part of a group named Pilot can join devices to Azure AD.

Designate a new user named Admin1 as the service admin for the Azure subscription.

Admin1 must receive email alerts regarding service outages.

Ensure that a new user named User3 can create network objects for the Azure subscription.

Question
You need to meet the user requirement for Admin1.

What should you do?"
T8-Q1;Surveiller et maintenir les ressources Azure;Exercice avec correction comparée aux sources;scenario;Non;Coffres Recovery Services (trois régions) : 3 · Stratégies (une VM et une Azure Files par coffre) : 6;Coffres Recovery Services (trois régions) : 3 · Stratégies (une VM et une Azure Files par coffre) : 6;https://learn.microsoft.com/en-us/azure/backup/backup-azure-vms-first-look-arm | https://learn.microsoft.com/en-us/azure/backup/azure-file-share-support-matrix | https://learn.microsoft.com/en-us/azure/storage/common/general-purpose-version-1-account-migration-frequently-asked-questions;"Introductory Info
Case study -

This is a case study. Case studies are not timed separately. You can use as much exam time as you would like to complete each case. However,

there may be additional case studies and sections on this exam. You must manage your time to ensure that you are able to complete all questions

included on this exam in the time provided.

To answer the questions included in a case study, you will need to reference information that is provided in the case study. Case studies might

contain exhibits and other resources that provide more information about the scenario that is described in the case study. Each question is

independent of the other questions in this case study.

At the end of this case study, a review screen will appear. This screen allows you to review your answers and to make changes before you move to

the next section of the exam. After you begin a new section, you cannot return to this section.

To start the case study -

To display the first question in this case study, click the Next button. Use the buttons in the left pane to explore the content of the case study

before you answer the questions. Clicking these buttons displays information such as business requirements, existing environment, and problem

statements. If the case study has an All Information tab, note that the information displayed is identical to the information displayed on the

subsequent tabs. When you are ready to answer a question, click the Question button to return to the question.

Overview -

General Overview -

Contoso, Ltd. is a consulting company that has a main office in Montreal and branch offices in Seattle and New York.

Environment -

Existing Environment -

Contoso has an Azure subscription named Sub1 that is linked to an Azure Active Directory (Azure AD) tenant. The network contains an on-

premises Active

Directory domain that syncs to the Azure AD tenant.

The Azure AD tenant contains the users shown in the following table.

Sub1 contains two resource groups named RG1 and RG2 and the virtual networks shown in the following table.

User1 manages the resources in RG1. User4 manages the resources in RG2.

Sub1 contains virtual machines that run Windows Server 2019 as shown in the following table

No network security groups (NSGs) are associated to the network interfaces or the subnets.

Sub1 contains the storage accounts shown in the following table.

Requirements -

Planned Changes -

Contoso plans to implement the following changes:

Create a blob container named container1 and a file share named share1 that will use the Cool storage tier.

Create a storage account named storage5 and configure storage replication for the Blob service.

Create an NSG named NSG1 that will have the custom inbound security rules shown in the following table.

Associate NSG1 to the network interface of VM1.

Create an NSG named NSG2 that will have the custom outbound security rules shown in the following table.

Associate NSG2 to VNET1/Subnet2.

Technical Requirements -

Contoso must meet the following technical requirements:

Create container1 and share1.

Use the principle of least privilege.

Create an Azure AD security group named Group4.

Back up the Azure file shares and virtual machines by using Azure Backup.

Trigger an alert if VM1 or VM2 has less than 20 GB of free space on volume C.

Enable User1 to create Azure policy definitions and User2 to assign Azure policies to RG1.

Create an internal Basic Azure Load Balancer named LB1 and connect the load balancer to VNET1/Subnet1

Enable flow logging for IP traffic from VM5 and retain the flow logs for a period of eight months.

Whenever possible, grant Group4 Azure role-based access control (Azure RBAC) read-only permissions to the Azure file shares.

Question
HOTSPOT -

You need to configure Azure Backup to back up the file shares and virtual machines.

What is the minimum number of Recovery Services vaults and backup policies you should create? To answer, select the appropriate options in the

answer area.

NOTE: Each correct selection is worth one point."
T8-Q2;Déployer et gérer les ressources de calcul Azure;Exercice avec correction comparée aux sources;scenario;Non;Étape 1 : Create a Log Analytics workspace · Étape 2 : Collect Windows performance counters using Azure Monitor Agent and a DCR · Étape 3 : Create an alert rule;Étape 1 : Create a Log Analytics workspace · Étape 2 : Collect Windows performance counters using Azure Monitor Agent and a DCR · Étape 3 : Create an alert rule;https://learn.microsoft.com/en-us/azure/azure-monitor/data-collection/data-collection-rule-overview | https://learn.microsoft.com/en-us/azure/azure-monitor/alerts/alerts-create-log-alert-rule;Pour alerter quand le volume C de VM1 ou VM2 dispose de moins de 20 Go libres, dans quel ordre créer l’espace de travail, collecter les compteurs Windows avec Azure Monitor Agent/DCR et créer la règle d’alerte ?
T9-Q1;Gérer les identités et la gouvernance Azure;Exercice avec correction comparée aux sources;scenario;Non;Rôle de User1 pour définir une initiative : Resource Policy Contributor for Sub1 · Rôle de User4 pour assigner une initiative à RG2 : Resource Policy Contributor for RG2;Rôle de User1 pour définir une initiative : Resource Policy Contributor for Sub1 · Rôle de User4 pour assigner une initiative à RG2 : Resource Policy Contributor for RG2;https://learn.microsoft.com/en-us/azure/role-based-access-control/built-in-roles#resource-policy-contributor;"Introductory Info
Case study -

This is a case study. Case studies are not timed separately. You can use as much exam time as you would like to complete each case. However,

there may be additional case studies and sections on this exam. You must manage your time to ensure that you are able to complete all questions

included on this exam in the time provided.

To answer the questions included in a case study, you will need to reference information that is provided in the case study. Case studies might

contain exhibits and other resources that provide more information about the scenario that is described in the case study. Each question is

independent of the other questions in this case study.

At the end of this case study, a review screen will appear. This screen allows you to review your answers and to make changes before you move to

the next section of the exam. After you begin a new section, you cannot return to this section.

To start the case study -

To display the first question in this case study, click the Next button. Use the buttons in the left pane to explore the content of the case study

before you answer the questions. Clicking these buttons displays information such as business requirements, existing environment, and problem

statements. If the case study has an All Information tab, note that the information displayed is identical to the information displayed on the

subsequent tabs. When you are ready to answer a question, click the Question button to return to the question.

Overview -

General Overview -

Contoso, Ltd. is a consulting company that has a main office in Montreal and branch offices in Seattle and New York.

Environment -

Existing Environment -

Contoso has an Azure subscription named Sub1 that is linked to an Azure Active Directory (Azure AD) tenant. The network contains an on-

premises Active

Directory domain that syncs to the Azure AD tenant.

The Azure AD tenant contains the users shown in the following table.

Sub1 contains two resource groups named RG1 and RG2 and the virtual networks shown in the following table.

User1 manages the resources in RG1. User4 manages the resources in RG2.

Sub1 contains virtual machines that run Windows Server 2019 as shown in the following table

No network security groups (NSGs) are associated to the network interfaces or the subnets.

Sub1 contains the storage accounts shown in the following table.

Requirements -

Planned Changes -

Contoso plans to implement the following changes:

Create a blob container named container1 and a file share named share1 that will use the Cool storage tier.

Create a storage account named storage5 and configure storage replication for the Blob service.

Create an NSG named NSG1 that will have the custom inbound security rules shown in the following table.

Associate NSG1 to the network interface of VM1.

Create an NSG named NSG2 that will have the custom outbound security rules shown in the following table.

Associate NSG2 to VNET1/Subnet2.

Technical Requirements -

Contoso must meet the following technical requirements:

Create container1 and share1.

Use the principle of least privilege.

Create an Azure AD security group named Group4.

Back up the Azure file shares and virtual machines by using Azure Backup.

Trigger an alert if VM1 or VM2 has less than 20 GB of free space on volume C.

Enable User1 to create Azure policy definitions and User2 to assign Azure policies to RG1.

Create an internal Basic Azure Load Balancer named LB1 and connect the load balancer to VNET1/Subnet1

Enable flow logging for IP traffic from VM5 and retain the flow logs for a period of eight months.

Whenever possible, grant Group4 Azure role-based access control (Azure RBAC) read-only permissions to the Azure file shares.

Question
HOTSPOT -

You need to ensure that User1 can create initiative definitions, and User4 can assign initiatives to RG2. The solution must meet the technical

requirements.

Which role should you assign to each user? To answer, select the appropriate options in the answer area.

NOTE: Each correct selection is worth one point."
T9-Q2;Implémenter et gérer le stockage;Fiche question/réponse du support;theme;Non;A. On storage2, enable identity-based access for the file shares.;A. On storage2, enable identity-based access for the file shares.;https://learn.microsoft.com/en-us/azure/virtual-network/network-security-groups-overview;"Introductory Info
Case study -

This is a case study. Case studies are not timed separately. You can use as much exam time as you would like to complete each case. However,

there may be additional case studies and sections on this exam. You must manage your time to ensure that you are able to complete all questions

included on this exam in the time provided.

To answer the questions included in a case study, you will need to reference information that is provided in the case study. Case studies might

contain exhibits and other resources that provide more information about the scenario that is described in the case study. Each question is

independent of the other questions in this case study.

At the end of this case study, a review screen will appear. This screen allows you to review your answers and to make changes before you move to

the next section of the exam. After you begin a new section, you cannot return to this section.

To start the case study -

To display the first question in this case study, click the Next button. Use the buttons in the left pane to explore the content of the case study

before you answer the questions. Clicking these buttons displays information such as business requirements, existing environment, and problem

statements. If the case study has an All Information tab, note that the information displayed is identical to the information displayed on the

subsequent tabs. When you are ready to answer a question, click the Question button to return to the question.

Overview -

General Overview -

Contoso, Ltd. is a consulting company that has a main office in Montreal and branch offices in Seattle and New York.

Environment -

Existing Environment -

Contoso has an Azure subscription named Sub1 that is linked to an Azure Active Directory (Azure AD) tenant. The network contains an on-

premises Active

Directory domain that syncs to the Azure AD tenant.

The Azure AD tenant contains the users shown in the following table.

Sub1 contains two resource groups named RG1 and RG2 and the virtual networks shown in the following table.

User1 manages the resources in RG1. User4 manages the resources in RG2.

Sub1 contains virtual machines that run Windows Server 2019 as shown in the following table

No network security groups (NSGs) are associated to the network interfaces or the subnets.

Sub1 contains the storage accounts shown in the following table.

Requirements -

Planned Changes -

Contoso plans to implement the following changes:

Create a blob container named container1 and a file share named share1 that will use the Cool storage tier.

Create a storage account named storage5 and configure storage replication for the Blob service.

Create an NSG named NSG1 that will have the custom inbound security rules shown in the following table.

Associate NSG1 to the network interface of VM1.

Create an NSG named NSG2 that will have the custom outbound security rules shown in the following table.

Associate NSG2 to VNET1/Subnet2.

Technical Requirements -

Contoso must meet the following technical requirements:

Create container1 and share1.

Use the principle of least privilege.

Create an Azure AD security group named Group4.

Back up the Azure file shares and virtual machines by using Azure Backup.

Trigger an alert if VM1 or VM2 has less than 20 GB of free space on volume C.

Enable User1 to create Azure policy definitions and User2 to assign Azure policies to RG1.

Create an internal Basic Azure Load Balancer named LB1 and connect the load balancer to VNET1/Subnet1

Enable flow logging for IP traffic from VM5 and retain the flow logs for a period of eight months.

Whenever possible, grant Group4 Azure role-based access control (Azure RBAC) read-only permissions to the Azure file shares.

Question
You need to ensure that you can grant Group4 Azure RBAC read only permissions to all the Azure file shares.

What should you do?"
T10-Q1;Gérer les identités et la gouvernance Azure;Fiche question/réponse du support;theme;Non;D. a Recovery Services vault;D. a Recovery Services vault;https://learn.microsoft.com/en-us/azure/backup/backup-azure-arm-restore-vms;"Introductory Info
Case study -

This is a case study. Case studies are not timed separately. You can use as much exam time as you would like to complete each case. However,

there may be additional case studies and sections on this exam. You must manage your time to ensure that you are able to complete all questions

included on this exam in the time provided.

To answer the questions included in a case study, you will need to reference information that is provided in the case study. Case studies might

contain exhibits and other resources that provide more information about the scenario that is described in the case study. Each question is

independent of the other questions in this case study.

At the end of this case study, a review screen will appear. This screen allows you to review your answers and to make changes before you move to

the next section of the exam. After you begin a new section, you cannot return to this section.

To start the case study -

To display the first question in this case study, click the Next button. Use the buttons in the left pane to explore the content of the case study

before you answer the questions. Clicking these buttons displays information such as business requirements, existing environment, and problem

statements. If the case study has an All Information tab, note that the information displayed is identical to the information displayed on the

subsequent tabs. When you are ready to answer a question, click the Question button to return to the question.

Overview -

Contoso, Ltd. is a manufacturing company that has offices worldwide. Contoso works with partner organizations to bring products to market.

Contoso products are manufactured by using blueprint files that the company authors and maintains.

Existing Environment -

Currently, Contoso uses multiple types of servers for business operations, including the following:

File servers

Domain controllers

Microsoft SQL Server servers

Your network contains an Active Directory forest named contoso.com. All servers and client computers are joined to Active Directory.

You have a public-facing application named App1. App1 is comprised of the following three tiers:

A SQL database

A web front end

A processing middle tier -

Each tier is comprised of five virtual machines. Users access the web front end by using HTTPS only.

Requirements -

Planned Changes -

Contoso plans to implement the following changes to the infrastructure:

Move all the tiers of App1 to Azure.

Move the existing product blueprint files to Azure Blob storage.

Create a hybrid directory to support an upcoming Microsoft 365 migration project.

Technical Requirements -

Contoso must meet the following technical requirements:

Move all the virtual machines for App1 to Azure.

Minimize the number of open ports between the App1 tiers.

Ensure that all the virtual machines for App1 are protected by backups.

Copy the blueprint files to Azure over the Internet.

Ensure that the blueprint files are stored in the archive storage tier.

Ensure that partner access to the blueprint files is secured and temporary.

Prevent user passwords or hashes of passwords from being stored in Azure.

Use unmanaged standard storage for the hard disks of the virtual machines.

Ensure that when users join devices to Azure Active Directory (Azure AD), the users use a mobile phone to verify their identity.

Minimize administrative effort whenever possible.

User Requirements -

Contoso identifies the following requirements for users:

Ensure that only users who are part of a group named Pilot can join devices to Azure AD.

Designate a new user named Admin1 as the service admin for the Azure subscription.

Admin1 must receive email alerts regarding service outages.

Ensure that a new user named User3 can create network objects for the Azure subscription.

Question
You need to implement a backup solution for App1 after the application is moved.

What should you create first?"
T10-Q2;Gérer les identités et la gouvernance Azure;Fiche question/réponse du support;theme;Non;B. Use Azure Storage Explorer to copy the files.;B. Use Azure Storage Explorer to copy the files.;https://learn.microsoft.com/en-us/azure/backup/backup-azure-arm-restore-vms;"Introductory Info
Case study -

This is a case study. Case studies are not timed separately. You can use as much exam time as you would like to complete each case. However,

there may be additional case studies and sections on this exam. You must manage your time to ensure that you are able to complete all questions

included on this exam in the time provided.

To answer the questions included in a case study, you will need to reference information that is provided in the case study. Case studies might

contain exhibits and other resources that provide more information about the scenario that is described in the case study. Each question is

independent of the other questions in this case study.

At the end of this case study, a review screen will appear. This screen allows you to review your answers and to make changes before you move to

the next section of the exam. After you begin a new section, you cannot return to this section.

To start the case study -

To display the first question in this case study, click the Next button. Use the buttons in the left pane to explore the content of the case study

before you answer the questions. Clicking these buttons displays information such as business requirements, existing environment, and problem

statements. If the case study has an All Information tab, note that the information displayed is identical to the information displayed on the

subsequent tabs. When you are ready to answer a question, click the Question button to return to the question.

Overview -

Contoso, Ltd. is a manufacturing company that has offices worldwide. Contoso works with partner organizations to bring products to market.

Contoso products are manufactured by using blueprint files that the company authors and maintains.

Existing Environment -

Currently, Contoso uses multiple types of servers for business operations, including the following:

File servers

Domain controllers

Microsoft SQL Server servers

Your network contains an Active Directory forest named contoso.com. All servers and client computers are joined to Active Directory.

You have a public-facing application named App1. App1 is comprised of the following three tiers:

A SQL database

A web front end

A processing middle tier -

Each tier is comprised of five virtual machines. Users access the web front end by using HTTPS only.

Requirements -

Planned Changes -

Contoso plans to implement the following changes to the infrastructure:

Move all the tiers of App1 to Azure.

Move the existing product blueprint files to Azure Blob storage.

Create a hybrid directory to support an upcoming Microsoft 365 migration project.

Technical Requirements -

Contoso must meet the following technical requirements:

Move all the virtual machines for App1 to Azure.

Minimize the number of open ports between the App1 tiers.

Ensure that all the virtual machines for App1 are protected by backups.

Copy the blueprint files to Azure over the Internet.

Ensure that the blueprint files are stored in the archive storage tier.

Ensure that partner access to the blueprint files is secured and temporary.

Prevent user passwords or hashes of passwords from being stored in Azure.

Use unmanaged standard storage for the hard disks of the virtual machines.

Ensure that when users join devices to Azure Active Directory (Azure AD), the users use a mobile phone to verify their identity.

Minimize administrative effort whenever possible.

User Requirements -

Contoso identifies the following requirements for users:

Ensure that only users who are part of a group named Pilot can join devices to Azure AD.

Designate a new user named Admin1 as the service admin for the Azure subscription.

Admin1 must receive email alerts regarding service outages.

Ensure that a new user named User3 can create network objects for the Azure subscription.

Question
You need to move the blueprint files to Azure.

What should you do?"
T10-Q3;Gérer les identités et la gouvernance Azure;Exercice avec correction comparée aux sources;scenario;Non;Un compte prenant en charge Azure Blob est nécessaire pour archiver les plans. : Oui · Un compte prenant en charge Azure Table est imposé par les exigences. : Non · Un compte prenant en charge Azure Files est imposé par les exigences. : Non;Un compte prenant en charge Azure Blob est nécessaire pour archiver les plans. : Oui · Un compte prenant en charge Azure Table est imposé par les exigences. : Non · Un compte prenant en charge Azure Files est imposé par les exigences. : Non;https://learn.microsoft.com/en-us/azure/storage/blobs/access-tiers-overview;"Introductory Info
Case study -

This is a case study. Case studies are not timed separately. You can use as much exam time as you would like to complete each case. However,

there may be additional case studies and sections on this exam. You must manage your time to ensure that you are able to complete all questions

included on this exam in the time provided.

To answer the questions included in a case study, you will need to reference information that is provided in the case study. Case studies might

contain exhibits and other resources that provide more information about the scenario that is described in the case study. Each question is

independent of the other questions in this case study.

At the end of this case study, a review screen will appear. This screen allows you to review your answers and to make changes before you move to

the next section of the exam. After you begin a new section, you cannot return to this section.

To start the case study -

To display the first question in this case study, click the Next button. Use the buttons in the left pane to explore the content of the case study

before you answer the questions. Clicking these buttons displays information such as business requirements, existing environment, and problem

statements. If the case study has an All Information tab, note that the information displayed is identical to the information displayed on the

subsequent tabs. When you are ready to answer a question, click the Question button to return to the question.

Overview -

Contoso, Ltd. is a manufacturing company that has offices worldwide. Contoso works with partner organizations to bring products to market.

Contoso products are manufactured by using blueprint files that the company authors and maintains.

Existing Environment -

Currently, Contoso uses multiple types of servers for business operations, including the following:

File servers

Domain controllers

Microsoft SQL Server servers

Your network contains an Active Directory forest named contoso.com. All servers and client computers are joined to Active Directory.

You have a public-facing application named App1. App1 is comprised of the following three tiers:

A SQL database

A web front end

A processing middle tier -

Each tier is comprised of five virtual machines. Users access the web front end by using HTTPS only.

Requirements -

Planned Changes -

Contoso plans to implement the following changes to the infrastructure:

Move all the tiers of App1 to Azure.

Move the existing product blueprint files to Azure Blob storage.

Create a hybrid directory to support an upcoming Microsoft 365 migration project.

Technical Requirements -

Contoso must meet the following technical requirements:

Move all the virtual machines for App1 to Azure.

Minimize the number of open ports between the App1 tiers.

Ensure that all the virtual machines for App1 are protected by backups.

Copy the blueprint files to Azure over the Internet.

Ensure that the blueprint files are stored in the archive storage tier.

Ensure that partner access to the blueprint files is secured and temporary.

Prevent user passwords or hashes of passwords from being stored in Azure.

Use unmanaged standard storage for the hard disks of the virtual machines.

Ensure that when users join devices to Azure Active Directory (Azure AD), the users use a mobile phone to verify their identity.

Minimize administrative effort whenever possible.

User Requirements -

Contoso identifies the following requirements for users:

Ensure that only users who are part of a group named Pilot can join devices to Azure AD.

Designate a new user named Admin1 as the service admin for the Azure subscription.

Admin1 must receive email alerts regarding service outages.

Ensure that a new user named User3 can create network objects for the Azure subscription.

Question
HOTSPOT -

You need to identify the storage requirements for Contoso.

For each of the following statements, select Yes if the statement is true. Otherwise, select No.

NOTE: Each correct selection is worth one point.

Hot Area:

Topic 11 - Testlet 4"
T11-Q1;Implémenter et gérer le stockage;Exercice avec correction comparée aux sources;scenario;Non;Comptes où créer container1 avec niveau Cool : storage2 and storage3 only · Comptes où créer share1 avec niveau Cool : storage2 only;Comptes où créer container1 avec niveau Cool : storage2 and storage3 only · Comptes où créer share1 avec niveau Cool : storage2 only;https://learn.microsoft.com/en-us/azure/storage/blobs/access-tiers-overview | https://learn.microsoft.com/en-us/azure/storage/files/storage-files-planning | https://learn.microsoft.com/en-us/azure/storage/common/general-purpose-version-1-account-migration-frequently-asked-questions;"Introductory Info
Case study -

This is a case study. Case studies are not timed separately. You can use as much exam time as you would like to complete each case. However,

there may be additional case studies and sections on this exam. You must manage your time to ensure that you are able to complete all questions

included on this exam in the time provided.

To answer the questions included in a case study, you will need to reference information that is provided in the case study. Case studies might

contain exhibits and other resources that provide more information about the scenario that is described in the case study. Each question is

independent of the other questions in this case study.

At the end of this case study, a review screen will appear. This screen allows you to review your answers and to make changes before you move to

the next section of the exam. After you begin a new section, you cannot return to this section.

To start the case study -

To display the first question in this case study, click the Next button. Use the buttons in the left pane to explore the content of the case study

before you answer the questions. Clicking these buttons displays information such as business requirements, existing environment, and problem

statements. If the case study has an All Information tab, note that the information displayed is identical to the information displayed on the

subsequent tabs. When you are ready to answer a question, click the Question button to return to the question.

Overview -

General Overview -

Contoso, Ltd. is a consulting company that has a main office in Montreal and branch offices in Seattle and New York.

Environment -

Existing Environment -

Contoso has an Azure subscription named Sub1 that is linked to an Azure Active Directory (Azure AD) tenant. The network contains an on-

premises Active

Directory domain that syncs to the Azure AD tenant.

The Azure AD tenant contains the users shown in the following table.

Sub1 contains two resource groups named RG1 and RG2 and the virtual networks shown in the following table.

User1 manages the resources in RG1. User4 manages the resources in RG2.

Sub1 contains virtual machines that run Windows Server 2019 as shown in the following table

No network security groups (NSGs) are associated to the network interfaces or the subnets.

Sub1 contains the storage accounts shown in the following table.

Requirements -

Planned Changes -

Contoso plans to implement the following changes:

Create a blob container named container1 and a file share named share1 that will use the Cool storage tier.

Create a storage account named storage5 and configure storage replication for the Blob service.

Create an NSG named NSG1 that will have the custom inbound security rules shown in the following table.

Associate NSG1 to the network interface of VM1.

Create an NSG named NSG2 that will have the custom outbound security rules shown in the following table.

Associate NSG2 to VNET1/Subnet2.

Technical Requirements -

Contoso must meet the following technical requirements:

Create container1 and share1.

Use the principle of least privilege.

Create an Azure AD security group named Group4.

Back up the Azure file shares and virtual machines by using Azure Backup.

Trigger an alert if VM1 or VM2 has less than 20 GB of free space on volume C.

Enable User1 to create Azure policy definitions and User2 to assign Azure policies to RG1.

Create an internal Basic Azure Load Balancer named LB1 and connect the load balancer to VNET1/Subnet1

Enable flow logging for IP traffic from VM5 and retain the flow logs for a period of eight months.

Whenever possible, grant Group4 Azure role-based access control (Azure RBAC) read-only permissions to the Azure file shares.

Question
HOTSPOT -

You need to create container1 and share1.

Which storage accounts should you use for each resource? To answer, select the appropriate options in the answer area.

NOTE: Each correct selection is worth one point."
T11-Q2;Implémenter et gérer le stockage;Exercice avec correction comparée aux sources;scenario;Non;Type du nouveau compte source storage5 : StorageV2 (general purpose v2) · Compte cible pour la réplication d’objets : Storage2;Type du nouveau compte source storage5 : StorageV2 (general purpose v2) · Compte cible pour la réplication d’objets : Storage2;https://learn.microsoft.com/en-us/azure/storage/blobs/object-replication-overview;"Introductory Info
Case study -

This is a case study. Case studies are not timed separately. You can use as much exam time as you would like to complete each case. However,

there may be additional case studies and sections on this exam. You must manage your time to ensure that you are able to complete all questions

included on this exam in the time provided.

To answer the questions included in a case study, you will need to reference information that is provided in the case study. Case studies might

contain exhibits and other resources that provide more information about the scenario that is described in the case study. Each question is

independent of the other questions in this case study.

At the end of this case study, a review screen will appear. This screen allows you to review your answers and to make changes before you move to

the next section of the exam. After you begin a new section, you cannot return to this section.

To start the case study -

To display the first question in this case study, click the Next button. Use the buttons in the left pane to explore the content of the case study

before you answer the questions. Clicking these buttons displays information such as business requirements, existing environment, and problem

statements. If the case study has an All Information tab, note that the information displayed is identical to the information displayed on the

subsequent tabs. When you are ready to answer a question, click the Question button to return to the question.

Overview -

General Overview -

Contoso, Ltd. is a consulting company that has a main office in Montreal and branch offices in Seattle and New York.

Environment -

Existing Environment -

Contoso has an Azure subscription named Sub1 that is linked to an Azure Active Directory (Azure AD) tenant. The network contains an on-

premises Active

Directory domain that syncs to the Azure AD tenant.

The Azure AD tenant contains the users shown in the following table.

Sub1 contains two resource groups named RG1 and RG2 and the virtual networks shown in the following table.

User1 manages the resources in RG1. User4 manages the resources in RG2.

Sub1 contains virtual machines that run Windows Server 2019 as shown in the following table

No network security groups (NSGs) are associated to the network interfaces or the subnets.

Sub1 contains the storage accounts shown in the following table.

Requirements -

Planned Changes -

Contoso plans to implement the following changes:

Create a blob container named container1 and a file share named share1 that will use the Cool storage tier.

Create a storage account named storage5 and configure storage replication for the Blob service.

Create an NSG named NSG1 that will have the custom inbound security rules shown in the following table.

Associate NSG1 to the network interface of VM1.

Create an NSG named NSG2 that will have the custom outbound security rules shown in the following table.

Associate NSG2 to VNET1/Subnet2.

Technical Requirements -

Contoso must meet the following technical requirements:

Create container1 and share1.

Use the principle of least privilege.

Create an Azure AD security group named Group4.

Back up the Azure file shares and virtual machines by using Azure Backup.

Trigger an alert if VM1 or VM2 has less than 20 GB of free space on volume C.

Enable User1 to create Azure policy definitions and User2 to assign Azure policies to RG1.

Create an internal Basic Azure Load Balancer named LB1 and connect the load balancer to VNET1/Subnet1

Enable flow logging for IP traffic from VM5 and retain the flow logs for a period of eight months.

Whenever possible, grant Group4 Azure role-based access control (Azure RBAC) read-only permissions to the Azure file shares.

Question
HOTSPOT -

You need to create storage5. The solution must support the planned changes.

Which type of storage account should you use, and which account should you configure as the destination storage account? To answer, select the

appropriate options in the answer area.

NOTE: Each correct selection is worth one point."
T11-Q3;Implémenter et gérer le stockage;Fiche question/réponse du support;theme;Non;storage2;storage2;https://learn.microsoft.com/en-us/azure/virtual-network/network-security-groups-overview;"Introductory Info
Case study -

This is a case study. Case studies are not timed separately. You can use as much exam time as you would like to complete each case. However,

there may be additional case studies and sections on this exam. You must manage your time to ensure that you are able to complete all questions

included on this exam in the time provided.

To answer the questions included in a case study, you will need to reference information that is provided in the case study. Case studies might

contain exhibits and other resources that provide more information about the scenario that is described in the case study. Each question is

independent of the other questions in this case study.

At the end of this case study, a review screen will appear. This screen allows you to review your answers and to make changes before you move to

the next section of the exam. After you begin a new section, you cannot return to this section.

To start the case study -

To display the first question in this case study, click the Next button. Use the buttons in the left pane to explore the content of the case study

before you answer the questions. Clicking these buttons displays information such as business requirements, existing environment, and problem

statements. If the case study has an All Information tab, note that the information displayed is identical to the information displayed on the

subsequent tabs. When you are ready to answer a question, click the Question button to return to the question.

Overview -

General Overview -

Contoso, Ltd. is a consulting company that has a main office in Montreal and branch offices in Seattle and New York.

Environment -

Existing Environment -

Contoso has an Azure subscription named Sub1 that is linked to an Azure Active Directory (Azure AD) tenant. The network contains an on-

premises Active

Directory domain that syncs to the Azure AD tenant.

The Azure AD tenant contains the users shown in the following table.

Sub1 contains two resource groups named RG1 and RG2 and the virtual networks shown in the following table.

User1 manages the resources in RG1. User4 manages the resources in RG2.

Sub1 contains virtual machines that run Windows Server 2019 as shown in the following table

No network security groups (NSGs) are associated to the network interfaces or the subnets.

Sub1 contains the storage accounts shown in the following table.

Requirements -

Planned Changes -

Contoso plans to implement the following changes:

Create a blob container named container1 and a file share named share1 that will use the Cool storage tier.

Create a storage account named storage5 and configure storage replication for the Blob service.

Create an NSG named NSG1 that will have the custom inbound security rules shown in the following table.

Associate NSG1 to the network interface of VM1.

Create an NSG named NSG2 that will have the custom outbound security rules shown in the following table.

Associate NSG2 to VNET1/Subnet2.

Technical Requirements -

Contoso must meet the following technical requirements:

Create container1 and share1.

Use the principle of least privilege.

Create an Azure AD security group named Group4.

Back up the Azure file shares and virtual machines by using Azure Backup.

Trigger an alert if VM1 or VM2 has less than 20 GB of free space on volume C.

Enable User1 to create Azure policy definitions and User2 to assign Azure policies to RG1.

Create an internal Basic Azure Load Balancer named LB1 and connect the load balancer to VNET1/Subnet1

Enable flow logging for IP traffic from VM5 and retain the flow logs for a period of eight months.

Whenever possible, grant Group4 Azure role-based access control (Azure RBAC) read-only permissions to the Azure file shares.

Question
You need to identify which storage account to use for the flow logging of IP traffic from VM5. The solution must meet the retention requirements.

Which storage account should you identify?"
T12-Q1;Déployer et gérer les ressources de calcul Azure;Fiche question/réponse du support;theme;Non;E. IP flow verify in Azure Network Watcher;E. IP flow verify in Azure Network Watcher;https://learn.microsoft.com/en-us/azure/network-watcher/ip-flow-verify-overview;"Introductory Info
Case study -

This is a case study. Case studies are not timed separately. You can use as much exam time as you would like to complete each case. However,

there may be additional case studies and sections on this exam. You must manage your time to ensure that you are able to complete all questions

included on this exam in the time provided.

To answer the questions included in a case study, you will need to reference information that is provided in the case study. Case studies might

contain exhibits and other resources that provide more information about the scenario that is described in the case study. Each question is

independent of the other questions in this case study.

At the end of this case study, a review screen will appear. This screen allows you to review your answers and to make changes before you move to

the next section of the exam. After you begin a new section, you cannot return to this section.

To start the case study -

To display the first question in this case study, click the Next button. Use the buttons in the left pane to explore the content of the case study

before you answer the questions. Clicking these buttons displays information such as business requirements, existing environment, and problem

statements. If the case study has an All Information tab, note that the information displayed is identical to the information displayed on the

subsequent tabs. When you are ready to answer a question, click the Question button to return to the question.

Overview -

Litware, Inc. is a consulting company that has a main office in Montreal and two branch offices in Seattle and New York.

The Montreal office has 2,000 employees. The Seattle office has 1,000 employees. The New York office has 200 employees.

All the resources used by Litware are hosted on-premises.

Litware creates a new Azure subscription. The Azure Active Directory (Azure AD) tenant uses a domain named litware.onmicrosoft.com. The

tenant uses the

Premium P1 pricing tier.

Existing Environment -

The network contains an Active Directory forest named litware.com. All domain controllers are configured as DNS servers and host the

litware.com DNS zone.

Litware has finance, human resources, sales, research, and information technology departments. Each department has an organizational unit (OU)

that contains all the accounts of that respective department. All the user accounts have the department attribute set to their respective

department. New users are added frequently.

Litware.com contains a user named User1.

All the offices connect by using private connections.

Litware has data centers in the Montreal and Seattle offices. Each office has a firewall that can be configured as a VPN device.

All infrastructure servers are virtualized. The virtualization environment contains the servers in the following table.

Litware uses two web applications named App1 and App2. Each instance on each web application requires 1 GB of memory.

The Azure subscription contains the resources in the following table.

The network security team implements several network security groups (NSGs)

Requirements -

Planned Changes -

Litware plans to implement the following changes:

Deploy Azure ExpressRoute to the Montreal office.

Migrate the virtual machines hosted on Server1 and Server2 to Azure.

Synchronize on-premises Active Directory to Azure Active Directory (Azure AD).

Migrate App1 and App2 to two Azure web apps named WebApp1 and WebApp2.

Technical Requirements -

Litware must meet the following technical requirements:

Ensure that WebApp1 can adjust the number of instances automatically based on the load and can scale up to five instances.

Ensure that VM3 can establish outbound connections over TCP port 8080 to the applications servers in the Montreal office.

Ensure that routing information is exchanged automatically between Azure and the routers in the Montreal office.

Enable Azure Multi-Factor Authentication (MFA) for the users in the finance department only.

Ensure that webapp2.azurewebsites.net can be accessed by using the name app2.litware.com.

Connect the New York office to VNet1 over the Internet by using an encrypted connection.

Create a workflow to send an email message when the settings of VM4 are modified.

Create a custom Azure role named Role1 that is based on the Reader role.

Minimize costs whenever possible.

Question
You discover that VM3 does NOT meet the technical requirements.

You need to verify whether the issue relates to the NSGs.

What should you use?"
T13-Q1;Déployer et gérer les ressources de calcul Azure;Fiche question/réponse du support;theme;Non;B. Establish peering between VNET1 and VNET3.;B. Establish peering between VNET1 and VNET3.;https://learn.microsoft.com/en-us/azure/virtual-network/virtual-network-peering-overview;"Introductory Info
Case study -

This is a case study. Case studies are not timed separately. You can use as much exam time as you would like to complete each case. However,

there may be additional case studies and sections on this exam. You must manage your time to ensure that you are able to complete all questions

included on this exam in the time provided.

To answer the questions included in a case study, you will need to reference information that is provided in the case study. Case studies might

contain exhibits and other resources that provide more information about the scenario that is described in the case study. Each question is

independent of the other questions in this case study.

At the end of this case study, a review screen will appear. This screen allows you to review your answers and to make changes before you move to

the next section of the exam. After you begin a new section, you cannot return to this section.

To start the case study -

To display the first question in this case study, click the Next button. Use the buttons in the left pane to explore the content of the case study

before you answer the questions. Clicking these buttons displays information such as business requirements, existing environment, and problem

statements. If the case study has an All Information tab, note that the information displayed is identical to the information displayed on the

subsequent tabs. When you are ready to answer a question, click the Question button to return to the question.

Overview -

Litware, Inc. is a consulting company that has a main office in Montreal and two branch offices in Seattle and New York.

The Montreal office has 2,000 employees. The Seattle office has 1,000 employees. The New York office has 200 employees.

All the resources used by Litware are hosted on-premises.

Litware creates a new Azure subscription. The Azure Active Directory (Azure AD) tenant uses a domain named litware.onmicrosoft.com. The

tenant uses the

Premium P1 pricing tier.

Existing Environment -

The network contains an Active Directory forest named litware.com. All domain controllers are configured as DNS servers and host the

litware.com DNS zone.

Litware has finance, human resources, sales, research, and information technology departments. Each department has an organizational unit (OU)

that contains all the accounts of that respective department. All the user accounts have the department attribute set to their respective

department. New users are added frequently.

Litware.com contains a user named User1.

All the offices connect by using private connections.

Litware has data centers in the Montreal and Seattle offices. Each office has a firewall that can be configured as a VPN device.

All infrastructure servers are virtualized. The virtualization environment contains the servers in the following table.

Litware uses two web applications named App1 and App2. Each instance on each web application requires 1 GB of memory.

The Azure subscription contains the resources in the following table.

The network security team implements several network security groups (NSGs)

Requirements -

Planned Changes -

Litware plans to implement the following changes:

Deploy Azure ExpressRoute to the Montreal office.

Migrate the virtual machines hosted on Server1 and Server2 to Azure.

Synchronize on-premises Active Directory to Azure Active Directory (Azure AD).

Migrate App1 and App2 to two Azure web apps named WebApp1 and WebApp2.

Technical Requirements -

Litware must meet the following technical requirements:

Ensure that WebApp1 can adjust the number of instances automatically based on the load and can scale up to five instances.

Ensure that VM3 can establish outbound connections over TCP port 8080 to the applications servers in the Montreal office.

Ensure that routing information is exchanged automatically between Azure and the routers in the Montreal office.

Enable Azure Multi-Factor Authentication (MFA) for the users in the finance department only.

Ensure that webapp2.azurewebsites.net can be accessed by using the name app2.litware.com.

Connect the New York office to VNet1 over the Internet by using an encrypted connection.

Create a workflow to send an email message when the settings of VM4 are modified.

Create a custom Azure role named Role1 that is based on the Reader role.

Minimize costs whenever possible.

Question
You need to ensure that VM1 can communicate with VM4. The solution must minimize the administrative effort.

What should you do?"
T13-Q2;Gérer les identités et la gouvernance Azure;Exercice avec correction comparée aux sources;scenario;Non;Depuis Azure : Create a virtual network gateway and a local network gateway · Dans le bureau de New York : Configure a site-to-site VPN connection;Depuis Azure : Create a virtual network gateway and a local network gateway · Dans le bureau de New York : Configure a site-to-site VPN connection;https://learn.microsoft.com/en-us/azure/vpn-gateway/tutorial-site-to-site-portal;"Introductory Info
Case study -

This is a case study. Case studies are not timed separately. You can use as much exam time as you would like to complete each case. However,

there may be additional case studies and sections on this exam. You must manage your time to ensure that you are able to complete all questions

included on this exam in the time provided.

To answer the questions included in a case study, you will need to reference information that is provided in the case study. Case studies might

contain exhibits and other resources that provide more information about the scenario that is described in the case study. Each question is

independent of the other questions in this case study.

At the end of this case study, a review screen will appear. This screen allows you to review your answers and to make changes before you move to

the next section of the exam. After you begin a new section, you cannot return to this section.

To start the case study -

To display the first question in this case study, click the Next button. Use the buttons in the left pane to explore the content of the case study

before you answer the questions. Clicking these buttons displays information such as business requirements, existing environment, and problem

statements. If the case study has an All Information tab, note that the information displayed is identical to the information displayed on the

subsequent tabs. When you are ready to answer a question, click the Question button to return to the question.

Overview -

Litware, Inc. is a consulting company that has a main office in Montreal and two branch offices in Seattle and New York.

The Montreal office has 2,000 employees. The Seattle office has 1,000 employees. The New York office has 200 employees.

All the resources used by Litware are hosted on-premises.

Litware creates a new Azure subscription. The Azure Active Directory (Azure AD) tenant uses a domain named litware.onmicrosoft.com. The

tenant uses the

Premium P1 pricing tier.

Existing Environment -

The network contains an Active Directory forest named litware.com. All domain controllers are configured as DNS servers and host the

litware.com DNS zone.

Litware has finance, human resources, sales, research, and information technology departments. Each department has an organizational unit (OU)

that contains all the accounts of that respective department. All the user accounts have the department attribute set to their respective

department. New users are added frequently.

Litware.com contains a user named User1.

All the offices connect by using private connections.

Litware has data centers in the Montreal and Seattle offices. Each office has a firewall that can be configured as a VPN device.

All infrastructure servers are virtualized. The virtualization environment contains the servers in the following table.

Litware uses two web applications named App1 and App2. Each instance on each web application requires 1 GB of memory.

The Azure subscription contains the resources in the following table.

The network security team implements several network security groups (NSGs)

Requirements -

Planned Changes -

Litware plans to implement the following changes:

Deploy Azure ExpressRoute to the Montreal office.

Migrate the virtual machines hosted on Server1 and Server2 to Azure.

Synchronize on-premises Active Directory to Azure Active Directory (Azure AD).

Migrate App1 and App2 to two Azure web apps named WebApp1 and WebApp2.

Technical Requirements -

Litware must meet the following technical requirements:

Ensure that WebApp1 can adjust the number of instances automatically based on the load and can scale up to five instances.

Ensure that VM3 can establish outbound connections over TCP port 8080 to the applications servers in the Montreal office.

Ensure that routing information is exchanged automatically between Azure and the routers in the Montreal office.

Enable Azure Multi-Factor Authentication (MFA) for the users in the finance department only.

Ensure that webapp2.azurewebsites.net can be accessed by using the name app2.litware.com.

Connect the New York office to VNet1 over the Internet by using an encrypted connection.

Create a workflow to send an email message when the settings of VM4 are modified.

Create a custom Azure role named Role1 that is based on the Reader role.

Minimize costs whenever possible.

Question
HOTSPOT -

You need to meet the connection requirements for the New York office.

What should you do? To answer, select the appropriate options in the answer area.

NOTE: Each correct selection is worth one point.

Hot Area:

Topic 14 - Testlet 7"
T14-Q1;Gérer les identités et la gouvernance Azure;Fiche question/réponse du support;theme;Non;Nombre de réseaux virtuels : 1 · Nombre de sous-réseaux par réseau : 3;Nombre de réseaux virtuels : 1 · Nombre de sous-réseaux par réseau : 3;https://learn.microsoft.com/en-us/azure/virtual-network/network-security-groups-overview;"Introductory Info
Case study -

This is a case study. Case studies are not timed separately. You can use as much exam time as you would like to complete each case. However,

there may be additional case studies and sections on this exam. You must manage your time to ensure that you are able to complete all questions

included on this exam in the time provided.

To answer the questions included in a case study, you will need to reference information that is provided in the case study. Case studies might

contain exhibits and other resources that provide more information about the scenario that is described in the case study. Each question is

independent of the other questions in this case study.

At the end of this case study, a review screen will appear. This screen allows you to review your answers and to make changes before you move to

the next section of the exam. After you begin a new section, you cannot return to this section.

To start the case study -

To display the first question in this case study, click the Next button. Use the buttons in the left pane to explore the content of the case study

before you answer the questions. Clicking these buttons displays information such as business requirements, existing environment, and problem

statements. If the case study has an All Information tab, note that the information displayed is identical to the information displayed on the

subsequent tabs. When you are ready to answer a question, click the Question button to return to the question.

Overview -

Contoso, Ltd. is a manufacturing company that has offices worldwide. Contoso works with partner organizations to bring products to market.

Contoso products are manufactured by using blueprint files that the company authors and maintains.

Existing Environment -

Currently, Contoso uses multiple types of servers for business operations, including the following:

File servers

Domain controllers

Microsoft SQL Server servers

Your network contains an Active Directory forest named contoso.com. All servers and client computers are joined to Active Directory.

You have a public-facing application named App1. App1 is comprised of the following three tiers:

A SQL database

A web front end

A processing middle tier -

Each tier is comprised of five virtual machines. Users access the web front end by using HTTPS only.

Requirements -

Planned Changes -

Contoso plans to implement the following changes to the infrastructure:

Move all the tiers of App1 to Azure.

Move the existing product blueprint files to Azure Blob storage.

Create a hybrid directory to support an upcoming Microsoft 365 migration project.

Technical Requirements -

Contoso must meet the following technical requirements:

Move all the virtual machines for App1 to Azure.

Minimize the number of open ports between the App1 tiers.

Ensure that all the virtual machines for App1 are protected by backups.

Copy the blueprint files to Azure over the Internet.

Ensure that the blueprint files are stored in the archive storage tier.

Ensure that partner access to the blueprint files is secured and temporary.

Prevent user passwords or hashes of passwords from being stored in Azure.

Use unmanaged standard storage for the hard disks of the virtual machines.

Ensure that when users join devices to Azure Active Directory (Azure AD), the users use a mobile phone to verify their identity.

Minimize administrative effort whenever possible.

User Requirements -

Contoso identifies the following requirements for users:

Ensure that only users who are part of a group named Pilot can join devices to Azure AD.

Designate a new user named Admin1 as the service admin for the Azure subscription.

Admin1 must receive email alerts regarding service outages.

Ensure that a new user named User3 can create network objects for the Azure subscription.

Question
HOTSPOT -

You need to recommend a solution for App1. The solution must meet the technical requirements.

What should you include in the recommendation? To answer, select the appropriate options in the answer area.

NOTE: Each correct selection is worth one point."
T14-Q2;Implémenter et gérer les réseaux virtuels;Fiche question/réponse du support;theme;Non;A. Create an incoming security rule for port 443 from the Internet. Associate the NSG to the subnet that contains the web servers.;A. Create an incoming security rule for port 443 from the Internet. Associate the NSG to the subnet that contains the web servers.;https://learn.microsoft.com/en-us/azure/virtual-network/network-security-groups-overview;"Introductory Info
Case study -

This is a case study. Case studies are not timed separately. You can use as much exam time as you would like to complete each case. However,

there may be additional case studies and sections on this exam. You must manage your time to ensure that you are able to complete all questions

included on this exam in the time provided.

To answer the questions included in a case study, you will need to reference information that is provided in the case study. Case studies might

contain exhibits and other resources that provide more information about the scenario that is described in the case study. Each question is

independent of the other questions in this case study.

At the end of this case study, a review screen will appear. This screen allows you to review your answers and to make changes before you move to

the next section of the exam. After you begin a new section, you cannot return to this section.

To start the case study -

To display the first question in this case study, click the Next button. Use the buttons in the left pane to explore the content of the case study

before you answer the questions. Clicking these buttons displays information such as business requirements, existing environment, and problem

statements. If the case study has an All Information tab, note that the information displayed is identical to the information displayed on the

subsequent tabs. When you are ready to answer a question, click the Question button to return to the question.

Overview -

Contoso, Ltd. is a manufacturing company that has offices worldwide. Contoso works with partner organizations to bring products to market.

Contoso products are manufactured by using blueprint files that the company authors and maintains.

Existing Environment -

Currently, Contoso uses multiple types of servers for business operations, including the following:

File servers

Domain controllers

Microsoft SQL Server servers

Your network contains an Active Directory forest named contoso.com. All servers and client computers are joined to Active Directory.

You have a public-facing application named App1. App1 is comprised of the following three tiers:

A SQL database

A web front end

A processing middle tier -

Each tier is comprised of five virtual machines. Users access the web front end by using HTTPS only.

Requirements -

Planned Changes -

Contoso plans to implement the following changes to the infrastructure:

Move all the tiers of App1 to Azure.

Move the existing product blueprint files to Azure Blob storage.

Create a hybrid directory to support an upcoming Microsoft 365 migration project.

Technical Requirements -

Contoso must meet the following technical requirements:

Move all the virtual machines for App1 to Azure.

Minimize the number of open ports between the App1 tiers.

Ensure that all the virtual machines for App1 are protected by backups.

Copy the blueprint files to Azure over the Internet.

Ensure that the blueprint files are stored in the archive storage tier.

Ensure that partner access to the blueprint files is secured and temporary.

Prevent user passwords or hashes of passwords from being stored in Azure.

Use unmanaged standard storage for the hard disks of the virtual machines.

Ensure that when users join devices to Azure Active Directory (Azure AD), the users use a mobile phone to verify their identity.

Minimize administrative effort whenever possible.

User Requirements -

Contoso identifies the following requirements for users:

Ensure that only users who are part of a group named Pilot can join devices to Azure AD.

Designate a new user named Admin1 as the service admin for the Azure subscription.

Admin1 must receive email alerts regarding service outages.

Ensure that a new user named User3 can create network objects for the Azure subscription.

Question
You are planning the move of App1 to Azure.

You create a network security group (NSG).

You need to recommend a solution to provide users with access to App1.

What should you recommend?"
T15-Q1;Implémenter et gérer les réseaux virtuels;Fiche question/réponse du support;theme;Non;VM1 peut ouvrir une session RDP vers VM2. : Oui · VM2 peut envoyer un ping à VM3. : Oui · VM2 peut ouvrir une session RDP vers VM3. : Non;VM1 peut ouvrir une session RDP vers VM2. : Oui · VM2 peut envoyer un ping à VM3. : Oui · VM2 peut ouvrir une session RDP vers VM3. : Non;https://learn.microsoft.com/en-us/azure/virtual-network/network-security-groups-overview;"Introductory Info
Case study -

This is a case study. Case studies are not timed separately. You can use as much exam time as you would like to complete each case. However,

there may be additional case studies and sections on this exam. You must manage your time to ensure that you are able to complete all questions

included on this exam in the time provided.

To answer the questions included in a case study, you will need to reference information that is provided in the case study. Case studies might

contain exhibits and other resources that provide more information about the scenario that is described in the case study. Each question is

independent of the other questions in this case study.

At the end of this case study, a review screen will appear. This screen allows you to review your answers and to make changes before you move to

the next section of the exam. After you begin a new section, you cannot return to this section.

To start the case study -

To display the first question in this case study, click the Next button. Use the buttons in the left pane to explore the content of the case study

before you answer the questions. Clicking these buttons displays information such as business requirements, existing environment, and problem

statements. If the case study has an All Information tab, note that the information displayed is identical to the information displayed on the

subsequent tabs. When you are ready to answer a question, click the Question button to return to the question.

Overview -

General Overview -

Contoso, Ltd. is a consulting company that has a main office in Montreal and branch offices in Seattle and New York.

Environment -

Existing Environment -

Contoso has an Azure subscription named Sub1 that is linked to an Azure Active Directory (Azure AD) tenant. The network contains an on-

premises Active

Directory domain that syncs to the Azure AD tenant.

The Azure AD tenant contains the users shown in the following table.

Sub1 contains two resource groups named RG1 and RG2 and the virtual networks shown in the following table.

User1 manages the resources in RG1. User4 manages the resources in RG2.

Sub1 contains virtual machines that run Windows Server 2019 as shown in the following table

No network security groups (NSGs) are associated to the network interfaces or the subnets.

Sub1 contains the storage accounts shown in the following table.

Requirements -

Planned Changes -

Contoso plans to implement the following changes:

Create a blob container named container1 and a file share named share1 that will use the Cool storage tier.

Create a storage account named storage5 and configure storage replication for the Blob service.

Create an NSG named NSG1 that will have the custom inbound security rules shown in the following table.

Associate NSG1 to the network interface of VM1.

Create an NSG named NSG2 that will have the custom outbound security rules shown in the following table.

Associate NSG2 to VNET1/Subnet2.

Technical Requirements -

Contoso must meet the following technical requirements:

Create container1 and share1.

Use the principle of least privilege.

Create an Azure AD security group named Group4.

Back up the Azure file shares and virtual machines by using Azure Backup.

Trigger an alert if VM1 or VM2 has less than 20 GB of free space on volume C.

Enable User1 to create Azure policy definitions and User2 to assign Azure policies to RG1.

Create an internal Basic Azure Load Balancer named LB1 and connect the load balancer to VNET1/Subnet1

Enable flow logging for IP traffic from VM5 and retain the flow logs for a period of eight months.

Whenever possible, grant Group4 Azure role-based access control (Azure RBAC) read-only permissions to the Azure file shares.

Question
HOTSPOT -

You implement the planned changes for NSG1 and NSG2.

For each of the following statements, select Yes if the statement is true. Otherwise, select No.

NOTE: Each correct selection is worth one point."
T15-Q3;Déployer et gérer les ressources de calcul Azure;Fiche question/réponse du support;theme;Non;A. Connect VM2 to VNET1/Subnet1.;A. Connect VM2 to VNET1/Subnet1.;https://learn.microsoft.com/en-us/azure/virtual-network/network-security-groups-overview;"Introductory Info
Case study -

This is a case study. Case studies are not timed separately. You can use as much exam time as you would like to complete each case. However,

there may be additional case studies and sections on this exam. You must manage your time to ensure that you are able to complete all questions

included on this exam in the time provided.

To answer the questions included in a case study, you will need to reference information that is provided in the case study. Case studies might

contain exhibits and other resources that provide more information about the scenario that is described in the case study. Each question is

independent of the other questions in this case study.

At the end of this case study, a review screen will appear. This screen allows you to review your answers and to make changes before you move to

the next section of the exam. After you begin a new section, you cannot return to this section.

To start the case study -

To display the first question in this case study, click the Next button. Use the buttons in the left pane to explore the content of the case study

before you answer the questions. Clicking these buttons displays information such as business requirements, existing environment, and problem

statements. If the case study has an All Information tab, note that the information displayed is identical to the information displayed on the

subsequent tabs. When you are ready to answer a question, click the Question button to return to the question.

Overview -

General Overview -

Contoso, Ltd. is a consulting company that has a main office in Montreal and branch offices in Seattle and New York.

Environment -

Existing Environment -

Contoso has an Azure subscription named Sub1 that is linked to an Azure Active Directory (Azure AD) tenant. The network contains an on-

premises Active

Directory domain that syncs to the Azure AD tenant.

The Azure AD tenant contains the users shown in the following table.

Sub1 contains two resource groups named RG1 and RG2 and the virtual networks shown in the following table.

User1 manages the resources in RG1. User4 manages the resources in RG2.

Sub1 contains virtual machines that run Windows Server 2019 as shown in the following table

No network security groups (NSGs) are associated to the network interfaces or the subnets.

Sub1 contains the storage accounts shown in the following table.

Requirements -

Planned Changes -

Contoso plans to implement the following changes:

Create a blob container named container1 and a file share named share1 that will use the Cool storage tier.

Create a storage account named storage5 and configure storage replication for the Blob service.

Create an NSG named NSG1 that will have the custom inbound security rules shown in the following table.

Associate NSG1 to the network interface of VM1.

Create an NSG named NSG2 that will have the custom outbound security rules shown in the following table.

Associate NSG2 to VNET1/Subnet2.

Technical Requirements -

Contoso must meet the following technical requirements:

Create container1 and share1.

Use the principle of least privilege.

Create an Azure AD security group named Group4.

Back up the Azure file shares and virtual machines by using Azure Backup.

Trigger an alert if VM1 or VM2 has less than 20 GB of free space on volume C.

Enable User1 to create Azure policy definitions and User2 to assign Azure policies to RG1.

Create an internal Basic Azure Load Balancer named LB1 and connect the load balancer to VNET1/Subnet1

Enable flow logging for IP traffic from VM5 and retain the flow logs for a period of eight months.

Whenever possible, grant Group4 Azure role-based access control (Azure RBAC) read-only permissions to the Azure file shares.

Question
You need to add VM1 and VM2 to the backend pool of LB1.

What should you do first?"
T15-Q4;Déployer et gérer les ressources de calcul Azure;Fiche question/réponse du support;theme;Non;D. Establish peering between VNET1 and VNET3.;D. Establish peering between VNET1 and VNET3.;https://learn.microsoft.com/en-us/azure/virtual-network/virtual-network-peering-overview;"You need to ensure that VM1 can communicate with VM4. The solution must minimize administrative effort.

What should you do?"
T16-Q1;Gérer les identités et la gouvernance Azure;Exercice avec correction comparée aux sources;scenario;Non;Cmdlet PowerShell : Get-AzRoleDefinition · Conversion pour réutiliser la définition : ConvertTo-Json;Cmdlet PowerShell : Get-AzRoleDefinition · Conversion pour réutiliser la définition : ConvertTo-Json;https://learn.microsoft.com/en-us/powershell/module/az.resources/get-azroledefinition?view=azps-15.0.0 | https://learn.microsoft.com/en-us/powershell/module/microsoft.powershell.utility/convertto-json?view=powershell-7.5;"Introductory Info
Case study -

This is a case study. Case studies are not timed separately. You can use as much exam time as you would like to complete each case. However,

there may be additional case studies and sections on this exam. You must manage your time to ensure that you are able to complete all questions

included on this exam in the time provided.

To answer the questions included in a case study, you will need to reference information that is provided in the case study. Case studies might

contain exhibits and other resources that provide more information about the scenario that is described in the case study. Each question is

independent of the other questions in this case study.

At the end of this case study, a review screen will appear. This screen allows you to review your answers and to make changes before you move to

the next section of the exam. After you begin a new section, you cannot return to this section.

To start the case study -

To display the first question in this case study, click the Next button. Use the buttons in the left pane to explore the content of the case study

before you answer the questions. Clicking these buttons displays information such as business requirements, existing environment, and problem

statements. If the case study has an All Information tab, note that the information displayed is identical to the information displayed on the

subsequent tabs. When you are ready to answer a question, click the Question button to return to the question.

Overview -

Litware, Inc. is a consulting company that has a main office in Montreal and two branch offices in Seattle and New York.

The Montreal office has 2,000 employees. The Seattle office has 1,000 employees. The New York office has 200 employees.

All the resources used by Litware are hosted on-premises.

Litware creates a new Azure subscription. The Azure Active Directory (Azure AD) tenant uses a domain named litware.onmicrosoft.com. The

tenant uses the

Premium P1 pricing tier.

Existing Environment -

The network contains an Active Directory forest named litware.com. All domain controllers are configured as DNS servers and host the

litware.com DNS zone.

Litware has finance, human resources, sales, research, and information technology departments. Each department has an organizational unit (OU)

that contains all the accounts of that respective department. All the user accounts have the department attribute set to their respective

department. New users are added frequently.

Litware.com contains a user named User1.

All the offices connect by using private connections.

Litware has data centers in the Montreal and Seattle offices. Each office has a firewall that can be configured as a VPN device.

All infrastructure servers are virtualized. The virtualization environment contains the servers in the following table.

Litware uses two web applications named App1 and App2. Each instance on each web application requires 1 GB of memory.

The Azure subscription contains the resources in the following table.

The network security team implements several network security groups (NSGs)

Requirements -

Planned Changes -

Litware plans to implement the following changes:

Deploy Azure ExpressRoute to the Montreal office.

Migrate the virtual machines hosted on Server1 and Server2 to Azure.

Synchronize on-premises Active Directory to Azure Active Directory (Azure AD).

Migrate App1 and App2 to two Azure web apps named WebApp1 and WebApp2.

Technical Requirements -

Litware must meet the following technical requirements:

Ensure that WebApp1 can adjust the number of instances automatically based on the load and can scale up to five instances.

Ensure that VM3 can establish outbound connections over TCP port 8080 to the applications servers in the Montreal office.

Ensure that routing information is exchanged automatically between Azure and the routers in the Montreal office.

Enable Azure Multi-Factor Authentication (MFA) for the users in the finance department only.

Ensure that webapp2.azurewebsites.net can be accessed by using the name app2.litware.com.

Connect the New York office to VNet1 over the Internet by using an encrypted connection.

Create a workflow to send an email message when the settings of VM4 are modified.

Create a custom Azure role named Role1 that is based on the Reader role.

Minimize costs whenever possible.

Question
HOTSPOT -

You need to implement Role1.

Which command should you run before you create Role1? To answer, select the appropriate options in the answer area.

NOTE: Each correct selection is worth one point."
T16-Q2;Gérer les identités et la gouvernance Azure;Fiche question/réponse du support;theme;Non;B. dynamic groups and conditional access policies;B. dynamic groups and conditional access policies;https://learn.microsoft.com/en-us/entra/identity/conditional-access/concept-conditional-access-grant;"Introductory Info
Case study -

This is a case study. Case studies are not timed separately. You can use as much exam time as you would like to complete each case. However,

there may be additional case studies and sections on this exam. You must manage your time to ensure that you are able to complete all questions

included on this exam in the time provided.

To answer the questions included in a case study, you will need to reference information that is provided in the case study. Case studies might

contain exhibits and other resources that provide more information about the scenario that is described in the case study. Each question is

independent of the other questions in this case study.

At the end of this case study, a review screen will appear. This screen allows you to review your answers and to make changes before you move to

the next section of the exam. After you begin a new section, you cannot return to this section.

To start the case study -

To display the first question in this case study, click the Next button. Use the buttons in the left pane to explore the content of the case study

before you answer the questions. Clicking these buttons displays information such as business requirements, existing environment, and problem

statements. If the case study has an All Information tab, note that the information displayed is identical to the information displayed on the

subsequent tabs. When you are ready to answer a question, click the Question button to return to the question.

Overview -

Litware, Inc. is a consulting company that has a main office in Montreal and two branch offices in Seattle and New York.

The Montreal office has 2,000 employees. The Seattle office has 1,000 employees. The New York office has 200 employees.

All the resources used by Litware are hosted on-premises.

Litware creates a new Azure subscription. The Azure Active Directory (Azure AD) tenant uses a domain named litware.onmicrosoft.com. The

tenant uses the

Premium P1 pricing tier.

Existing Environment -

The network contains an Active Directory forest named litware.com. All domain controllers are configured as DNS servers and host the

litware.com DNS zone.

Litware has finance, human resources, sales, research, and information technology departments. Each department has an organizational unit (OU)

that contains all the accounts of that respective department. All the user accounts have the department attribute set to their respective

department. New users are added frequently.

Litware.com contains a user named User1.

All the offices connect by using private connections.

Litware has data centers in the Montreal and Seattle offices. Each office has a firewall that can be configured as a VPN device.

All infrastructure servers are virtualized. The virtualization environment contains the servers in the following table.

Litware uses two web applications named App1 and App2. Each instance on each web application requires 1 GB of memory.

The Azure subscription contains the resources in the following table.

The network security team implements several network security groups (NSGs)

Requirements -

Planned Changes -

Litware plans to implement the following changes:

Deploy Azure ExpressRoute to the Montreal office.

Migrate the virtual machines hosted on Server1 and Server2 to Azure.

Synchronize on-premises Active Directory to Azure Active Directory (Azure AD).

Migrate App1 and App2 to two Azure web apps named WebApp1 and WebApp2.

Technical Requirements -

Litware must meet the following technical requirements:

Ensure that WebApp1 can adjust the number of instances automatically based on the load and can scale up to five instances.

Ensure that VM3 can establish outbound connections over TCP port 8080 to the applications servers in the Montreal office.

Ensure that routing information is exchanged automatically between Azure and the routers in the Montreal office.

Enable Azure Multi-Factor Authentication (MFA) for the users in the finance department only.

Ensure that webapp2.azurewebsites.net can be accessed by using the name app2.litware.com.

Connect the New York office to VNet1 over the Internet by using an encrypted connection.

Create a workflow to send an email message when the settings of VM4 are modified.

Create a custom Azure role named Role1 that is based on the Reader role.

Minimize costs whenever possible.

Question
You need to recommend a solution to automate the configuration for the finance department users. The solution must meet the technical

requirements.

What should you include in the recommendation?"
